ID,Data,Ora,Tipo,Causa,Meteo,Visibilita,N.Illesi,N.Feriti,N.PrognosiRiservata,N.Deceduti
0352017123120200,2017-12-31,20:20,,,,,5,0,0,0
0352017123123551,2017-12-31,23:55,,,,,3,0,0,0
0352017123013202,2017-12-30,13:20,,,,,4,1,0,0
0352017123017403,2017-12-30,17:40,,,,,4,0,0,0
0352017122914154,2017-12-29,14:15,,,,,2,5,0,0
0352017122912305,2017-12-29,12:30,,,,,3,0,0,0
0352017122907156,2017-12-29,07:15,,,,,3,0,0,0
0352017122912257,2017-12-29,12:25,,,,,1,0,0,0
0352017122819058,2017-12-28,19:05,,,,,1,0,0,0
0352017122820009,2017-12-28,20:00,,,,,0,1,0,0
03520171228163010,2017-12-28,16:30,,,,,2,0,0,0
03520171228151011,2017-12-28,15:10,,,,,2,1,0,0
03520171228135012,2017-12-28,13:50,,,,,4,0,0,0
03520171228220013,2017-12-28,22:00,,,,,1,0,0,0
03520171228131514,2017-12-28,13:15,,,,,3,0,0,0
03520171227161515,2017-12-27,16:15,,,,,2,1,0,0
03520171227190516,2017-12-27,19:05,,,,,5,1,0,0
03520171227094017,2017-12-27,09:40,,,,,1,0,0,0
03520171227065018,2017-12-27,06:50,,,,,2,1,0,0
03520171227180019,2017-12-27,18:00,,,,,1,0,0,0
03520171227212020,2017-12-27,21:20,,,,,3,0,0,0
03520171227074021,2017-12-27,07:40,,,,,1,0,0,0
03520171227075022,2017-12-27,07:50,,,,,1,0,0,0
03520171227174023,2017-12-27,17:40,,,,,1,1,0,0
03520171226105024,2017-12-26,10:50,,,,,2,1,0,0
03520171225125025,2017-12-25,12:50,,,,,1,0,0,0
03520171224230026,2017-12-24,23:00,,,,,0,0,0,0
03520171224001027,2017-12-24,00:10,,,,,1,0,0,0
03520171224162028,2017-12-24,16:20,,,,,0,1,0,0
03520171224134529,2017-12-24,13:45,,,,,3,0,0,0
03520171223074030,2017-12-23,07:40,,,,,2,1,0,0
03520171223203531,2017-12-23,20:35,,,,,2,0,0,0
03520171223131532,2017-12-23,13:15,,,,,1,0,0,0
03520171223153033,2017-12-23,15:30,,,,,1,1,0,0
03520171223143534,2017-12-23,14:35,,,,,2,2,0,0
03520171223160035,2017-12-23,16:00,,,,,1,2,0,0
03520171223084536,2017-12-23,08:45,,,,,1,1,0,0
03520171223173037,2017-12-23,17:30,,,,,1,1,0,0
03520171223180038,2017-12-23,18:00,,,,,2,1,0,0
03520171223132539,2017-12-23,13:25,,,,,1,0,0,0
03520171223170040,2017-12-23,17:00,,,,,4,0,0,0
03520171222164541,2017-12-22,16:45,,,,,2,2,0,0
03520171222160042,2017-12-22,16:00,,,,,4,0,0,0
03520171222140543,2017-12-22,14:05,,,,,3,1,0,0
03520171222120044,2017-12-22,12:00,,,,,2,0,0,0
03520171222124045,2017-12-22,12:40,,,,,3,1,0,0
03520171222220046,2017-12-22,22:00,,,,,2,0,0,0
03520171221214547,2017-12-21,21:45,,,,,4,3,0,0
03520171221133048,2017-12-21,13:30,,,,,2,0,0,0
03520171221133049,2017-12-21,13:30,,,,,3,0,0,0
03520171221173050,2017-12-21,17:30,,,,,3,1,0,0
03520171221113551,2017-12-21,11:35,,,,,2,0,0,0
03520171221213052,2017-12-21,21:30,,,,,2,1,0,0
03520171221153553,2017-12-21,15:35,,,,,3,0,0,0
03520171221131554,2017-12-21,13:15,,,,,2,0,0,0
03520171221153555,2017-12-21,15:35,,,,,1,0,0,0
03520171220185056,2017-12-20,18:50,,,,,1,1,0,0
03520171220145557,2017-12-20,14:55,,,,,4,0,0,0
03520171220210058,2017-12-20,21:00,,,,,3,1,0,0
03520171220100059,2017-12-20,10:00,,,,,0,1,0,0
03520171220124560,2017-12-20,12:45,,,,,2,1,0,0
03520171220091061,2017-12-20,09:10,,,,,0,2,0,0
03520171220154062,2017-12-20,15:40,,,,,0,1,0,0
03520171219133063,2017-12-19,13:30,,,,,3,0,0,0
03520171219141564,2017-12-19,14:15,,,,,2,2,0,0
03520171219162065,2017-12-19,16:20,,,,,2,0,0,0
03520171219171566,2017-12-19,17:15,,,,,1,1,0,0
03520171219201067,2017-12-19,20:10,,,,,2,0,0,0
03520171218145068,2017-12-18,14:50,,,,,2,0,0,0
03520171218112069,2017-12-18,11:20,,,,,0,2,0,0
03520171218172570,2017-12-18,17:25,,,,,2,0,0,0
03520170513171071,2017-05-13,17:10,,,,,5,0,0,0
03520170513193072,2017-05-13,19:30,,,,,4,0,0,0
03520170513083573,2017-05-13,08:35,,,,,3,1,0,0
03520170513092074,2017-05-13,09:20,,,,,3,0,0,0
03520170513114075,2017-05-13,11:40,,,,,1,1,0,0
03520170512074576,2017-05-12,07:45,,,,,1,1,0,0
03520170512163077,2017-05-12,16:30,,,,,1,1,0,0
03520170512130078,2017-05-12,13:00,,,,,3,0,0,0
03520170511155079,2017-05-11,15:50,,,,,1,0,0,0
03520170511125580,2017-05-11,12:55,,,,,1,1,0,0
03520170510100081,2017-05-10,10:00,,,,,1,2,0,0
03520170510130582,2017-05-10,13:05,,,,,2,0,0,0
03520170510082083,2017-05-10,08:20,,,,,2,1,0,0
03520170510102084,2017-05-10,10:20,,,,,2,0,0,0
03520170509123085,2017-05-09,12:30,,,,,2,0,0,0
03520170508224086,2017-05-08,22:40,,,,,4,0,0,0
03520170508075587,2017-05-08,07:55,,,,,0,2,0,0
03520170508084588,2017-05-08,08:45,,,,,3,2,0,0
03520170508140089,2017-05-08,14:00,,,,,0,1,0,0
03520170508153090,2017-05-08,15:30,,,,,3,0,0,0
03520170508083591,2017-05-08,08:35,,,,,0,0,0,0
03520170508164592,2017-05-08,16:45,,,,,3,0,0,0
03520170508101593,2017-05-08,10:15,,,,,2,0,0,0
03520170508091094,2017-05-08,09:10,,,,,1,1,0,0
03520171218215095,2017-12-18,21:50,,,,,2,0,0,0
03520171218153596,2017-12-18,15:35,,,,,2,0,0,0
03520171218134097,2017-12-18,13:40,,,,,0,1,0,0
03520171218164598,2017-12-18,16:45,,,,,0,0,0,0
03520171217182099,2017-12-17,18:20,,,,,1,1,0,0
035201712172000100,2017-12-17,20:00,,,,,2,0,0,0
035201712161945101,2017-12-16,19:45,,,,,2,1,0,0
035201712161515102,2017-12-16,15:15,,,,,0,1,0,0
035201712160322103,2017-12-16,03:22,,,,,1,0,0,0
035201712160755104,2017-12-16,07:55,,,,,4,0,0,0
035201712151230105,2017-12-15,12:30,,,,,2,0,0,0
035201712151140106,2017-12-15,11:40,,,,,2,0,0,0
035201712151240107,2017-12-15,12:40,,,,,1,1,0,0
035201712151030108,2017-12-15,10:30,,,,,1,1,0,0
035201712151750109,2017-12-15,17:50,,,,,3,0,0,0
035201712151645110,2017-12-15,16:45,,,,,2,0,0,0
035201712141440111,2017-12-14,14:40,,,,,3,0,0,0
035201712140850112,2017-12-14,08:50,,,,,3,0,0,0
035201712141300113,2017-12-14,13:00,,,,,2,0,0,0
035201712141000114,2017-12-14,10:00,,,,,1,0,0,0
035201712140840115,2017-12-14,08:40,,,,,1,1,0,0
035201712140710116,2017-12-14,07:10,,,,,3,0,0,0
035201712141815117,2017-12-14,18:15,,,,,2,0,0,0
035201712140755118,2017-12-14,07:55,,,,,2,1,0,0
035201712141240119,2017-12-14,12:40,,,,,1,1,0,0
035201712131000120,2017-12-13,10:00,,,,,5,0,0,0
035201712131200121,2017-12-13,12:00,,,,,0,2,0,0
035201712131030122,2017-12-13,10:30,,,,,3,0,0,0
035201712131730123,2017-12-13,17:30,,,,,4,0,0,0
035201712121110124,2017-12-12,11:10,,,,,1,1,0,0
035201712121044125,2017-12-12,10:44,,,,,3,0,0,0
035201712121745126,2017-12-12,17:45,,,,,3,0,0,0
035201712120745127,2017-12-12,07:45,,,,,1,1,0,0
035201712121005128,2017-12-12,10:05,,,,,0,1,0,0
035201712121815129,2017-12-12,18:15,,,,,2,0,0,0
035201712121700130,2017-12-12,17:00,,,,,1,1,0,0
035201712121645131,2017-12-12,16:45,,,,,4,0,0,0
035201712110015132,2017-12-11,00:15,,,,,2,0,0,0
035201712111435133,2017-12-11,14:35,,,,,3,0,0,0
035201712112300134,2017-12-11,23:00,,,,,1,0,0,0
035201712111325135,2017-12-11,13:25,,,,,2,1,0,0
035201712111935136,2017-12-11,19:35,,,,,2,1,0,0
035201712102245137,2017-12-10,22:45,,,,,4,2,0,0
035201712102330138,2017-12-10,23:30,,,,,3,0,0,0
035201712091130139,2017-12-09,11:30,,,,,1,1,0,0
035201712091345140,2017-12-09,13:45,,,,,3,0,0,0
035201712091440141,2017-12-09,14:40,,,,,1,0,0,0
035201712090930142,2017-12-09,09:30,,,,,1,1,0,0
035201712091150143,2017-12-09,11:50,,,,,0,2,0,0
035201712081150144,2017-12-08,11:50,,,,,2,1,0,0
035201712071828145,2017-12-07,18:28,,,,,2,0,0,0
035201712071540146,2017-12-07,15:40,,,,,0,1,0,0
035201712071755147,2017-12-07,17:55,,,,,1,1,0,0
035201712071000148,2017-12-07,10:00,,,,,2,1,0,0
035201712071900149,2017-12-07,19:00,,,,,2,0,0,0
035201712061800150,2017-12-06,18:00,,,,,1,1,0,0
035201712060740151,2017-12-06,07:40,,,,,1,0,0,0
035201712061545152,2017-12-06,15:45,,,,,2,0,0,0
035201712051400153,2017-12-05,14:00,,,,,1,1,0,0
035201712051830154,2017-12-05,18:30,,,,,2,0,0,0
035201712052000155,2017-12-05,20:00,,,,,4,0,0,0
035201712052035156,2017-12-05,20:35,,,,,2,0,0,0
035201712041000157,2017-12-04,10:00,,,,,2,0,0,0
035201712041800158,2017-12-04,18:00,,,,,0,1,0,0
035201712042300159,2017-12-04,23:00,,,,,2,1,0,0
035201712031910160,2017-12-03,19:10,,,,,3,0,0,0
035201712031100161,2017-12-03,11:00,,,,,1,0,0,0
035201712030005162,2017-12-03,00:05,,,,,3,2,0,0
035201712021210163,2017-12-02,12:10,,,,,1,1,0,0
035201712021340164,2017-12-02,13:40,,,,,5,0,0,0
035201712021430165,2017-12-02,14:30,,,,,2,0,0,0
035201712021950166,2017-12-02,19:50,,,,,6,0,0,0
035201712022115167,2017-12-02,21:15,,,,,4,0,0,0
035201712021825168,2017-12-02,18:25,,,,,2,0,0,0
035201712021315169,2017-12-02,13:15,,,,,1,0,0,0
035201712011930170,2017-12-01,19:30,,,,,4,0,0,0
035201712010840171,2017-12-01,08:40,,,,,0,0,0,0
035201712011230172,2017-12-01,12:30,,,,,2,0,0,0
035201712010745173,2017-12-01,07:45,,,,,1,1,0,0
035201711301215174,2017-11-30,12:15,,,,,1,1,0,0
035201711300900175,2017-11-30,09:00,,,,,1,1,0,0
035201711301500176,2017-11-30,15:00,,,,,2,0,0,0
035201711300930177,2017-11-30,09:30,,,,,1,0,0,0
035201711290905178,2017-11-29,09:05,,,,,1,1,0,0
035201711290727179,2017-11-29,07:27,,,,,1,2,0,0
035201711290820180,2017-11-29,08:20,,,,,2,0,0,0
035201711291400181,2017-11-29,14:00,,,,,0,1,0,0
035201711291245182,2017-11-29,12:45,,,,,2,0,0,0
035201711291800183,2017-11-29,18:00,,,,,1,1,0,0
035201711291830184,2017-11-29,18:30,,,,,2,0,1,0
035201711292345185,2017-11-29,23:45,,,,,0,0,0,0
035201711290910186,2017-11-29,09:10,,,,,0,2,0,0
035201711291905187,2017-11-29,19:05,,,,,1,1,0,0
035201711290800188,2017-11-29,08:00,,,,,1,0,0,0
035201711292010189,2017-11-29,20:10,,,,,2,1,0,0
035201711281640190,2017-11-28,16:40,,,,,3,1,0,0
035201711282200191,2017-11-28,22:00,,,,,2,0,0,0
035201711281350192,2017-11-28,13:50,,,,,2,0,0,0
035201711281235193,2017-11-28,12:35,,,,,0,2,0,0
035201711281605194,2017-11-28,16:05,,,,,1,1,0,0
035201711281605195,2017-11-28,16:05,,,,,2,0,0,0
035201711271835196,2017-11-27,18:35,,,,,2,0,0,0
035201711270830197,2017-11-27,08:30,,,,,1,1,0,0
035201711271540198,2017-11-27,15:40,,,,,2,0,0,0
035201711271630199,2017-11-27,16:30,,,,,2,1,0,0
035201711272355200,2017-11-27,23:55,,,,,1,0,0,0
035201711271550201,2017-11-27,15:50,,,,,1,1,0,0
035201711260005202,2017-11-26,00:05,,,,,3,0,0,0
035201711261230203,2017-11-26,12:30,,,,,2,1,0,0
035201711261515204,2017-11-26,15:15,,,,,1,1,0,0
035201711251020205,2017-11-25,10:20,,,,,0,1,0,0
035201711250755206,2017-11-25,07:55,,,,,0,1,0,0
035201711251925207,2017-11-25,19:25,,,,,5,0,0,0
035201711250115208,2017-11-25,01:15,,,,,0,1,0,0
035201711251530209,2017-11-25,15:30,,,,,2,0,0,0
035201711251850210,2017-11-25,18:50,,,,,4,0,0,0
035201711252225211,2017-11-25,22:25,,,,,1,0,0,0
035201711241745212,2017-11-24,17:45,,,,,2,0,0,0
035201711241300213,2017-11-24,13:00,,,,,1,0,0,0
035201711241940214,2017-11-24,19:40,,,,,4,0,0,0
035201711241250215,2017-11-24,12:50,,,,,0,1,0,0
035201711241120216,2017-11-24,11:20,,,,,1,2,0,0
035201711241100217,2017-11-24,11:00,,,,,2,0,0,0
035201711241910218,2017-11-24,19:10,,,,,2,0,0,0
035201711231430219,2017-11-23,14:30,,,,,1,1,0,0
035201711230015220,2017-11-23,00:15,,,,,0,1,0,0
035201711230746221,2017-11-23,07:46,,,,,3,0,0,0
035201711221830222,2017-11-22,18:30,,,,,4,1,0,0
035201711221810223,2017-11-22,18:10,,,,,2,1,0,0
035201711221130224,2017-11-22,11:30,,,,,1,0,0,0
035201711220715225,2017-11-22,07:15,,,,,3,0,0,0
035201711220720226,2017-11-22,07:20,,,,,1,0,0,0
035201711221045227,2017-11-22,10:45,,,,,3,0,0,0
035201711221535228,2017-11-22,15:35,,,,,3,0,0,0
035201711211500229,2017-11-21,15:00,,,,,1,0,0,0
035201711211530230,2017-11-21,15:30,,,,,3,0,0,0
035201711201250231,2017-11-20,12:50,,,,,1,1,0,0
035201711201920232,2017-11-20,19:20,,,,,0,2,0,0
035201711202215233,2017-11-20,22:15,,,,,4,0,0,0
035201711201410234,2017-11-20,14:10,,,,,1,1,0,0
035201711191220235,2017-11-19,12:20,,,,,0,6,0,0
035201711181210236,2017-11-18,12:10,,,,,5,0,0,0
035201711182145237,2017-11-18,21:45,,,,,1,0,0,0
035201711181755238,2017-11-18,17:55,,,,,1,1,0,0
035201711181100239,2017-11-18,11:00,,,,,2,0,0,0
035201711181415240,2017-11-18,14:15,,,,,1,1,0,0
035201711181905241,2017-11-18,19:05,,,,,6,0,0,0
035201711181455242,2017-11-18,14:55,,,,,3,0,0,0
035201711181920243,2017-11-18,19:20,,,,,2,0,0,0
035201711171955244,2017-11-17,19:55,,,,,4,0,0,0
035201711170800245,2017-11-17,08:00,,,,,1,0,0,0
035201711172310246,2017-11-17,23:10,,,,,1,0,0,0
035201711171630247,2017-11-17,16:30,,,,,4,0,0,0
035201711171850248,2017-11-17,18:50,,,,,2,2,0,0
035201711170135249,2017-11-17,01:35,,,,,0,0,0,0
035201711171455250,2017-11-17,14:55,,,,,2,1,0,0
035201711161130251,2017-11-16,11:30,,,,,1,0,1,0
035201711160710252,2017-11-16,07:10,,,,,2,0,0,0
035201711160840253,2017-11-16,08:40,,,,,2,1,0,0
035201711161300254,2017-11-16,13:00,,,,,0,0,0,0
035201711161845255,2017-11-16,18:45,,,,,1,0,1,0
035201711161225256,2017-11-16,12:25,,,,,1,1,0,0
035201711151400257,2017-11-15,14:00,,,,,0,1,0,0
035201711151230258,2017-11-15,12:30,,,,,1,2,0,0
035201711151555259,2017-11-15,15:55,,,,,0,1,0,0
035201711152010260,2017-11-15,20:10,,,,,1,1,0,0
035201711150950261,2017-11-15,09:50,,,,,1,1,0,0
035201711150021262,2017-11-15,00:21,,,,,1,2,0,0
035201711151730263,2017-11-15,17:30,,,,,2,1,0,0
035201711151955264,2017-11-15,19:55,,,,,1,1,0,0
035201711151000265,2017-11-15,10:00,,,,,0,1,0,0
035201711151550266,2017-11-15,15:50,,,,,1,1,0,0
035201711141800267,2017-11-14,18:00,,,,,1,1,0,0
035201711141110268,2017-11-14,11:10,,,,,4,0,0,0
035201711140745269,2017-11-14,07:45,,,,,2,0,0,0
035201711141015270,2017-11-14,10:15,,,,,0,1,0,0
035201711132315271,2017-11-13,23:15,,,,,1,1,0,0
035201711130940272,2017-11-13,09:40,,,,,1,1,0,0
035201711131720273,2017-11-13,17:20,,,,,4,0,0,0
035201711131745274,2017-11-13,17:45,,,,,2,0,0,0
035201711121900275,2017-11-12,19:00,,,,,2,0,0,0
035201711120815276,2017-11-12,08:15,,,,,1,0,0,0
035201711121115277,2017-11-12,11:15,,,,,2,0,0,0
035201711121430278,2017-11-12,14:30,,,,,4,0,0,0
035201711111545279,2017-11-11,15:45,,,,,4,0,0,0
035201711111340280,2017-11-11,13:40,,,,,3,0,0,0
035201711100930281,2017-11-10,09:30,,,,,1,0,0,0
035201711100600282,2017-11-10,06:00,,,,,0,1,0,0
035201711101645283,2017-11-10,16:45,,,,,2,1,0,0
035201711101835284,2017-11-10,18:35,,,,,2,0,0,0
035201711101720285,2017-11-10,17:20,,,,,2,0,0,0
035201711101445286,2017-11-10,14:45,,,,,1,1,0,0
035201711100840287,2017-11-10,08:40,,,,,1,1,0,0
035201711091810288,2017-11-09,18:10,,,,,3,0,0,0
035201711091100289,2017-11-09,11:00,,,,,3,0,0,0
035201711091600290,2017-11-09,16:00,,,,,1,1,0,0
035201711090825291,2017-11-09,08:25,,,,,2,2,0,0
035201711091045292,2017-11-09,10:45,,,,,3,0,0,0
035201711091130293,2017-11-09,11:30,,,,,4,0,0,0
035201711091200294,2017-11-09,12:00,,,,,4,0,0,0
035201711091510295,2017-11-09,15:10,,,,,3,1,0,0
035201711092015296,2017-11-09,20:15,,,,,4,1,0,0
035201711081545297,2017-11-08,15:45,,,,,1,1,0,0
035201711080550298,2017-11-08,05:50,,,,,1,1,0,0
035201711081915299,2017-11-08,19:15,,,,,3,1,0,0
035201711080720300,2017-11-08,07:20,,,,,1,1,0,0
035201711080900301,2017-11-08,09:00,,,,,1,2,0,0
035201711081555302,2017-11-08,15:55,,,,,2,0,0,0
035201711080735303,2017-11-08,07:35,,,,,2,0,0,0
035201711081215304,2017-11-08,12:15,,,,,1,0,0,0
035201711071800305,2017-11-07,18:00,,,,,2,0,0,0
035201711070930306,2017-11-07,09:30,,,,,1,1,0,0
035201711071745307,2017-11-07,17:45,,,,,1,1,0,0
035201711071605308,2017-11-07,16:05,,,,,1,2,0,0
035201711071100309,2017-11-07,11:00,,,,,2,0,0,0
035201711071620310,2017-11-07,16:20,,,,,0,1,0,0
035201711071745311,2017-11-07,17:45,,,,,1,1,0,0
035201711072145312,2017-11-07,21:45,,,,,2,1,0,0
035201711060850313,2017-11-06,08:50,,,,,3,0,0,0
035201711060815314,2017-11-06,08:15,,,,,0,2,0,0
035201711061000315,2017-11-06,10:00,,,,,1,1,0,0
035201711061845316,2017-11-06,18:45,,,,,3,0,0,0
035201711051430317,2017-11-05,14:30,,,,,1,0,0,0
035201711052100318,2017-11-05,21:00,,,,,1,1,0,0
035201711051615319,2017-11-05,16:15,,,,,4,0,0,0
035201711051830320,2017-11-05,18:30,,,,,2,0,0,0
035201711052330321,2017-11-05,23:30,,,,,5,0,0,0
035201711051715322,2017-11-05,17:15,,,,,4,1,0,0
035201711040900323,2017-11-04,09:00,,,,,3,2,0,0
035201711041300324,2017-11-04,13:00,,,,,4,0,0,0
035201711041755325,2017-11-04,17:55,,,,,1,2,0,0
035201711031045326,2017-11-03,10:45,,,,,0,1,0,0
035201711031205327,2017-11-03,12:05,,,,,1,1,0,0
035201711032050328,2017-11-03,20:50,,,,,1,0,0,0
035201711031430329,2017-11-03,14:30,,,,,2,0,0,0
035201711030715330,2017-11-03,07:15,,,,,1,1,0,0
035201711021100331,2017-11-02,11:00,,,,,2,0,0,0
035201711021410332,2017-11-02,14:10,,,,,0,1,0,0
035201711021050333,2017-11-02,10:50,,,,,1,1,0,0
035201711021920334,2017-11-02,19:20,,,,,1,1,0,0
035201711021140335,2017-11-02,11:40,,,,,2,1,0,0
035201711021350336,2017-11-02,13:50,,,,,3,0,0,0
035201711022245337,2017-11-02,22:45,,,,,1,3,0,0
035201711021405338,2017-11-02,14:05,,,,,1,1,0,0
035201711020750339,2017-11-02,07:50,,,,,1,1,0,0
035201711021605340,2017-11-02,16:05,,,,,1,0,0,0
035201711021845341,2017-11-02,18:45,,,,,2,0,0,0
035201711011440342,2017-11-01,14:40,,,,,1,3,0,0
035201711011510343,2017-11-01,15:10,,,,,6,0,0,0
035201711011330344,2017-11-01,13:30,,,,,2,0,0,0
035201710311630345,2017-10-31,16:30,,,,,2,0,0,0
035201710311735346,2017-10-31,17:35,,,,,1,1,0,0
035201710310900347,2017-10-31,09:00,,,,,2,0,0,0
035201710310852348,2017-10-31,08:52,,,,,1,1,0,0
035201710311530349,2017-10-31,15:30,,,,,2,0,0,0
035201710300800350,2017-10-30,08:00,,,,,3,0,0,0
035201710301205351,2017-10-30,12:05,,,,,1,1,0,0
035201710301740352,2017-10-30,17:40,,,,,1,1,0,0
035201710301700353,2017-10-30,17:00,,,,,3,0,0,0
035201710291005354,2017-10-29,10:05,,,,,3,2,0,0
035201710291620355,2017-10-29,16:20,,,,,1,0,0,0
035201710291035356,2017-10-29,10:35,,,,,1,0,0,0
035201710291820357,2017-10-29,18:20,,,,,3,0,0,0
035201710291650358,2017-10-29,16:50,,,,,0,1,0,0
035201710281315359,2017-10-28,13:15,,,,,3,0,0,0
035201710282035360,2017-10-28,20:35,,,,,2,0,0,0
035201710282130361,2017-10-28,21:30,,,,,4,0,0,0
035201710281650362,2017-10-28,16:50,,,,,1,0,0,0
035201710270800363,2017-10-27,08:00,,,,,2,1,0,0
035201710271230364,2017-10-27,12:30,,,,,1,0,0,0
035201710271820365,2017-10-27,18:20,,,,,2,1,0,0
035201710271510366,2017-10-27,15:10,,,,,2,0,0,0
035201710272330367,2017-10-27,23:30,,,,,2,0,0,0
035201710271120368,2017-10-27,11:20,,,,,1,1,0,0
035201710261545369,2017-10-26,15:45,,,,,0,1,0,0
035201710261720370,2017-10-26,17:20,,,,,0,1,0,0
035201710251000371,2017-10-25,10:00,,,,,1,1,0,0
035201710251840372,2017-10-25,18:40,,,,,2,1,0,0
035201710252330373,2017-10-25,23:30,,,,,0,0,0,0
035201710250800374,2017-10-25,08:00,,,,,1,1,0,0
035201710251545375,2017-10-25,15:45,,,,,2,0,0,0
035201710251630376,2017-10-25,16:30,,,,,2,0,0,0
035201710251730377,2017-10-25,17:30,,,,,2,1,0,0
035201710240020378,2017-10-24,00:20,,,,,1,1,0,0
035201710241410379,2017-10-24,14:10,,,,,1,1,0,0
035201710241435380,2017-10-24,14:35,,,,,2,0,0,0
035201710241705381,2017-10-24,17:05,,,,,2,0,0,0
035201710242235382,2017-10-24,22:35,,,,,1,1,0,0
035201710241840383,2017-10-24,18:40,,,,,1,2,0,0
035201710240905384,2017-10-24,09:05,,,,,1,1,0,0
035201710231715385,2017-10-23,17:15,,,,,4,0,0,0
035201710231735386,2017-10-23,17:35,,,,,3,0,0,0
035201710231920387,2017-10-23,19:20,,,,,3,0,0,0
035201710231225388,2017-10-23,12:25,,,,,2,0,0,0
035201710231410389,2017-10-23,14:10,,,,,3,0,0,0
035201710231350390,2017-10-23,13:50,,,,,4,1,0,0
035201710231600391,2017-10-23,16:00,,,,,1,0,0,0
035201710231635392,2017-10-23,16:35,,,,,1,1,0,0
035201710231818393,2017-10-23,18:18,,,,,5,0,0,0
035201710220645394,2017-10-22,06:45,,,,,0,1,0,0
035201710222000395,2017-10-22,20:00,,,,,1,0,0,0
035201710220425396,2017-10-22,04:25,,,,,4,0,0,0
035201710211050397,2017-10-21,10:50,,,,,1,1,0,0
035201710211550398,2017-10-21,15:50,,,,,2,2,0,0
035201710211556399,2017-10-21,15:56,,,,,2,2,0,0
035201710211955400,2017-10-21,19:55,,,,,3,0,0,0
035201710201850401,2017-10-20,18:50,,,,,1,0,0,0
035201710201945402,2017-10-20,19:45,,,,,1,1,0,0
035201710202315403,2017-10-20,23:15,,,,,11,0,0,0
035201710201005404,2017-10-20,10:05,,,,,4,0,0,0
035201710190950405,2017-10-19,09:50,,,,,3,0,0,0
035201710191005406,2017-10-19,10:05,,,,,3,0,0,0
035201710191220407,2017-10-19,12:20,,,,,1,1,0,0
035201710191800408,2017-10-19,18:00,,,,,2,0,0,0
035201710181945409,2017-10-18,19:45,,,,,1,1,0,0
035201710181200410,2017-10-18,12:00,,,,,1,1,0,0
035201710181330411,2017-10-18,13:30,,,,,2,0,0,0
035201710180800412,2017-10-18,08:00,,,,,0,1,0,0
035201710181950413,2017-10-18,19:50,,,,,1,1,0,0
035201710181950414,2017-10-18,19:50,,,,,2,1,0,0
035201710181215415,2017-10-18,12:15,,,,,1,0,0,0
035201710181700416,2017-10-18,17:00,,,,,0,1,0,0
035201710171150417,2017-10-17,11:50,,,,,0,1,0,0
035201710170742418,2017-10-17,07:42,,,,,2,0,0,0
035201710171255419,2017-10-17,12:55,,,,,1,1,0,0
035201710171330420,2017-10-17,13:30,,,,,1,2,0,0
035201710170920421,2017-10-17,09:20,,,,,3,0,0,0
035201710171120422,2017-10-17,11:20,,,,,2,0,0,0
035201710171420423,2017-10-17,14:20,,,,,5,0,0,0
035201710161010424,2017-10-16,10:10,,,,,1,1,0,0
035201710161045425,2017-10-16,10:45,,,,,1,1,0,0
035201710161630426,2017-10-16,16:30,,,,,5,0,0,0
035201710161155427,2017-10-16,11:55,,,,,1,2,0,0
035201710161545428,2017-10-16,15:45,,,,,2,0,0,0
035201710162100429,2017-10-16,21:00,,,,,3,0,0,0
035201710160850430,2017-10-16,08:50,,,,,1,1,0,0
035201710161210431,2017-10-16,12:10,,,,,1,1,0,0
035201710160850432,2017-10-16,08:50,,,,,1,0,0,0
035201710161055433,2017-10-16,10:55,,,,,1,0,1,0
035201710161050434,2017-10-16,10:50,,,,,1,0,0,0
035201710151515435,2017-10-15,15:15,,,,,0,2,0,0
035201710151930436,2017-10-15,19:30,,,,,2,0,0,0
035201710152115437,2017-10-15,21:15,,,,,1,1,0,0
035201710151550438,2017-10-15,15:50,,,,,3,0,0,0
035201710140100439,2017-10-14,01:00,,,,,1,0,0,0
035201710141210440,2017-10-14,12:10,,,,,1,2,0,0
035201710142300441,2017-10-14,23:00,,,,,0,0,0,0
035201710140035442,2017-10-14,00:35,,,,,2,0,0,0
035201710140755443,2017-10-14,07:55,,,,,1,1,0,0
035201710141540444,2017-10-14,15:40,,,,,2,0,0,0
035201710142015445,2017-10-14,20:15,,,,,3,0,0,0
035201710141023446,2017-10-14,10:23,,,,,1,1,0,0
035201710131145447,2017-10-13,11:45,,,,,1,1,0,0
035201710131330448,2017-10-13,13:30,,,,,1,0,0,0
035201710131640449,2017-10-13,16:40,,,,,1,1,0,0
035201710131035450,2017-10-13,10:35,,,,,1,1,0,0
035201710131200451,2017-10-13,12:00,,,,,1,0,0,0
035201710130115452,2017-10-13,01:15,,,,,1,1,0,0
035201710131900453,2017-10-13,19:00,,,,,3,0,0,0
035201710131350454,2017-10-13,13:50,,,,,1,1,0,0
035201710121445455,2017-10-12,14:45,,,,,3,0,0,0
035201710121515456,2017-10-12,15:15,,,,,3,0,0,0
035201710121550457,2017-10-12,15:50,,,,,3,0,0,0
035201710121045458,2017-10-12,10:45,,,,,1,0,0,0
035201710121630459,2017-10-12,16:30,,,,,2,0,0,0
035201710111550460,2017-10-11,15:50,,,,,2,1,0,0
035201710111500461,2017-10-11,15:00,,,,,0,1,0,0
035201710111630462,2017-10-11,16:30,,,,,2,1,0,0
035201710112130463,2017-10-11,21:30,,,,,3,0,0,0
035201710110750464,2017-10-11,07:50,,,,,1,1,0,0
035201710111646465,2017-10-11,16:46,,,,,4,1,0,0
035201710111340466,2017-10-11,13:40,,,,,2,0,0,0
035201710111800467,2017-10-11,18:00,,,,,2,0,0,0
035201710101939468,2017-10-10,19:39,,,,,1,1,0,0
035201710101905469,2017-10-10,19:05,,,,,0,2,0,0
035201710101140470,2017-10-10,11:40,,,,,2,0,0,0
035201710092250471,2017-10-09,22:50,,,,,1,0,0,0
035201710091845472,2017-10-09,18:45,,,,,3,0,0,0
035201710091945473,2017-10-09,19:45,,,,,3,1,0,0
035201710091455474,2017-10-09,14:55,,,,,1,1,0,0
035201710090500475,2017-10-09,05:00,,,,,0,1,0,0
035201710091025476,2017-10-09,10:25,,,,,4,1,0,0
035201710091435477,2017-10-09,14:35,,,,,1,1,0,0
035201710090740478,2017-10-09,07:40,,,,,3,0,0,0
035201710092252479,2017-10-09,22:52,,,,,1,0,0,0
035201710080650480,2017-10-08,06:50,,,,,1,1,0,0
035201710081100481,2017-10-08,11:00,,,,,2,1,0,0
035201710081730482,2017-10-08,17:30,,,,,2,1,0,0
035201710082240483,2017-10-08,22:40,,,,,2,1,0,0
035201710081900484,2017-10-08,19:00,,,,,1,2,0,0
035201710071850485,2017-10-07,18:50,,,,,3,0,0,0
035201710072250486,2017-10-07,22:50,,,,,1,0,0,0
035201710071115487,2017-10-07,11:15,,,,,1,2,0,0
035201710071840488,2017-10-07,18:40,,,,,6,0,0,0
035201710061550489,2017-10-06,15:50,,,,,1,1,0,0
035201710061355490,2017-10-06,13:55,,,,,3,0,0,0
035201710060915491,2017-10-06,09:15,,,,,1,0,0,0
035201710061645492,2017-10-06,16:45,,,,,2,1,0,0
035201710061840493,2017-10-06,18:40,,,,,1,2,0,0
035201710061745494,2017-10-06,17:45,,,,,3,0,0,0
035201710051030495,2017-10-05,10:30,,,,,2,0,0,0
035201710051815496,2017-10-05,18:15,,,,,1,0,0,0
035201710051510497,2017-10-05,15:10,,,,,2,0,0,0
035201710050815498,2017-10-05,08:15,,,,,1,0,0,0
035201710050940499,2017-10-05,09:40,,,,,1,1,0,0
035201710050930500,2017-10-05,09:30,,,,,2,0,0,0
035201710051145501,2017-10-05,11:45,,,,,2,0,0,0
035201710041930502,2017-10-04,19:30,,,,,1,1,0,0
035201710041420503,2017-10-04,14:20,,,,,2,1,0,0
035201710040810504,2017-10-04,08:10,,,,,0,0,0,0
035201710041630505,2017-10-04,16:30,,,,,1,0,0,0
035201710041200506,2017-10-04,12:00,,,,,0,0,0,0
035201710041210507,2017-10-04,12:10,,,,,1,1,0,0
035201710031555508,2017-10-03,15:55,,,,,1,1,0,0
035201710031150509,2017-10-03,11:50,,,,,1,1,0,0
035201710031950510,2017-10-03,19:50,,,,,2,0,0,0
035201710031657511,2017-10-03,16:57,,,,,5,0,0,0
035201710021410512,2017-10-02,14:10,,,,,3,0,0,0
035201710021550513,2017-10-02,15:50,,,,,1,1,0,0
035201710022130514,2017-10-02,21:30,,,,,1,2,0,0
035201710021245515,2017-10-02,12:45,,,,,0,2,0,0
035201710021120516,2017-10-02,11:20,,,,,1,0,0,0
035201710021110517,2017-10-02,11:10,,,,,1,1,0,0
035201710020750518,2017-10-02,07:50,,,,,1,1,0,0
035201710012330519,2017-10-01,23:30,,,,,0,1,0,0
035201710011300520,2017-10-01,13:00,,,,,3,0,0,0
035201709300830521,2017-09-30,08:30,,,,,2,3,0,0
035201709302010522,2017-09-30,20:10,,,,,3,0,0,0
035201709302340523,2017-09-30,23:40,,,,,2,1,0,0
035201709301910524,2017-09-30,19:10,,,,,0,1,0,0
035201709302030525,2017-09-30,20:30,,,,,1,0,0,0
035201709302300526,2017-09-30,23:00,,,,,1,0,0,0
035201709300735527,2017-09-30,07:35,,,,,3,0,0,0
035201709301300528,2017-09-30,13:00,,,,,6,0,0,0
035201709291140529,2017-09-29,11:40,,,,,1,1,0,0
035201709291130530,2017-09-29,11:30,,,,,2,0,0,0
035201709290835531,2017-09-29,08:35,,,,,2,0,0,0
035201709292315532,2017-09-29,23:15,,,,,4,1,0,0
035201709290850533,2017-09-29,08:50,,,,,0,1,0,0
035201709291545534,2017-09-29,15:45,,,,,2,0,0,0
035201709291610535,2017-09-29,16:10,,,,,4,0,0,0
035201709281750536,2017-09-28,17:50,,,,,1,1,0,0
035201709281000537,2017-09-28,10:00,,,,,3,0,0,0
035201709280740538,2017-09-28,07:40,,,,,2,0,0,0
035201709281530539,2017-09-28,15:30,,,,,2,0,0,0
035201709280700540,2017-09-28,07:00,,,,,2,0,0,0
035201709280800541,2017-09-28,08:00,,,,,2,1,0,0
035201709281350542,2017-09-28,13:50,,,,,2,0,0,0
035201709271810543,2017-09-27,18:10,,,,,1,1,0,0
035201709271810544,2017-09-27,18:10,,,,,2,0,0,0
035201709272200545,2017-09-27,22:00,,,,,0,2,0,0
035201709271500546,2017-09-27,15:00,,,,,1,0,0,0
035201709261010547,2017-09-26,10:10,,,,,1,1,0,0
035201709261600548,2017-09-26,16:00,,,,,1,0,0,0
035201709261930549,2017-09-26,19:30,,,,,0,1,0,0
035201709261740550,2017-09-26,17:40,,,,,1,1,0,0
035201709251815551,2017-09-25,18:15,,,,,1,4,0,0
035201709251315552,2017-09-25,13:15,,,,,4,1,0,0
035201709251345553,2017-09-25,13:45,,,,,0,1,0,0
035201709251005554,2017-09-25,10:05,,,,,1,1,0,0
035201709251220555,2017-09-25,12:20,,,,,1,1,0,0
035201709251500556,2017-09-25,15:00,,,,,1,1,0,0
035201709241600557,2017-09-24,16:00,,,,,1,0,0,0
035201709241430558,2017-09-24,14:30,,,,,0,1,0,0
035201709241550559,2017-09-24,15:50,,,,,2,1,0,0
035201709241140560,2017-09-24,11:40,,,,,0,2,0,0
035201709240900561,2017-09-24,09:00,,,,,2,0,0,0
035201709241830562,2017-09-24,18:30,,,,,0,1,0,0
035201709241540563,2017-09-24,15:40,,,,,6,0,0,0
035201709231020564,2017-09-23,10:20,,,,,1,1,0,0
035201709231155565,2017-09-23,11:55,,,,,2,1,0,0
035201709230850566,2017-09-23,08:50,,,,,1,1,0,0
035201709232355567,2017-09-23,23:55,,,,,4,0,0,0
035201709230753568,2017-09-23,07:53,,,,,2,1,0,0
035201709231640569,2017-09-23,16:40,,,,,4,0,0,0
035201709231920570,2017-09-23,19:20,,,,,2,0,0,0
035201709231120571,2017-09-23,11:20,,,,,0,1,0,0
035201709231220572,2017-09-23,12:20,,,,,3,1,0,0
035201709222130573,2017-09-22,21:30,,,,,2,0,0,0
035201709221920574,2017-09-22,19:20,,,,,1,1,0,0
035201709222240575,2017-09-22,22:40,,,,,1,1,0,0
035201709220850576,2017-09-22,08:50,,,,,3,0,0,0
035201709222150577,2017-09-22,21:50,,,,,1,1,0,0
035201709212110578,2017-09-21,21:10,,,,,2,1,0,0
035201709211350579,2017-09-21,13:50,,,,,2,0,0,0
035201709210905580,2017-09-21,09:05,,,,,1,1,0,0
035201709211745581,2017-09-21,17:45,,,,,0,0,0,0
035201709201645582,2017-09-20,16:45,,,,,2,1,0,0
035201709201900583,2017-09-20,19:00,,,,,1,1,0,0
035201709201930584,2017-09-20,19:30,,,,,1,1,0,0
035201709202310585,2017-09-20,23:10,,,,,0,2,0,0
035201709200900586,2017-09-20,09:00,,,,,2,0,0,0
035201709201325587,2017-09-20,13:25,,,,,4,0,0,0
035201709201400588,2017-09-20,14:00,,,,,3,0,0,0
035201709191025589,2017-09-19,10:25,,,,,2,0,0,0
035201709191045590,2017-09-19,10:45,,,,,2,0,0,0
035201709191500591,2017-09-19,15:00,,,,,2,0,0,0
035201709190720592,2017-09-19,07:20,,,,,1,0,0,0
035201709191515593,2017-09-19,15:15,,,,,1,1,0,0
035201709191650594,2017-09-19,16:50,,,,,1,1,0,0
035201709180810595,2017-09-18,08:10,,,,,1,2,0,0
035201709180730596,2017-09-18,07:30,,,,,1,0,0,0
035201709181100597,2017-09-18,11:00,,,,,1,1,0,0
035201709181715598,2017-09-18,17:15,,,,,1,1,0,0
035201709181140599,2017-09-18,11:40,,,,,2,1,0,0
035201709170130600,2017-09-17,01:30,,,,,0,0,0,0
035201709170230601,2017-09-17,02:30,,,,,1,0,0,0
035201709171240602,2017-09-17,12:40,,,,,2,0,0,0
035201709161045603,2017-09-16,10:45,,,,,2,0,0,0
035201709162335604,2017-09-16,23:35,,,,,3,0,0,0
035201709050845605,2017-09-05,08:45,,,,,3,0,0,0
035201709152030606,2017-09-15,20:30,,,,,4,0,0,0
035201709151200607,2017-09-15,12:00,,,,,1,0,0,0
035201709151200608,2017-09-15,12:00,,,,,2,1,0,0
035201709151250609,2017-09-15,12:50,,,,,1,2,0,0
035201709151515610,2017-09-15,15:15,,,,,1,2,0,0
035201709151645611,2017-09-15,16:45,,,,,4,1,0,0
035201709141830612,2017-09-14,18:30,,,,,0,1,0,0
035201709141430613,2017-09-14,14:30,,,,,1,2,0,0
035201709141830614,2017-09-14,18:30,,,,,1,1,0,0
035201709140700615,2017-09-14,07:00,,,,,5,1,0,0
035201709142050616,2017-09-14,20:50,,,,,2,0,0,0
035201709141434617,2017-09-14,14:34,,,,,2,0,0,0
035201709131937618,2017-09-13,19:37,,,,,4,0,0,0
035201709131305619,2017-09-13,13:05,,,,,0,2,0,0
035201709131015620,2017-09-13,10:15,,,,,1,0,1,0
035201709131635621,2017-09-13,16:35,,,,,1,1,0,0
035201709120800622,2017-09-12,08:00,,,,,1,1,0,0
035201709122135623,2017-09-12,21:35,,,,,3,1,0,0
035201709111345624,2017-09-11,13:45,,,,,1,0,0,0
035201709110930625,2017-09-11,09:30,,,,,1,0,0,0
035201709111030626,2017-09-11,10:30,,,,,2,0,0,0
035201709111748627,2017-09-11,17:48,,,,,2,1,0,0
035201709111710628,2017-09-11,17:10,,,,,4,0,0,0
035201709110000629,2017-09-11,00:00,,,,,0,0,0,0
035201709111530630,2017-09-11,15:30,,,,,4,0,0,0
035201709101620631,2017-09-10,16:20,,,,,1,1,0,0
035201709102025632,2017-09-10,20:25,,,,,0,1,0,0
035201709092315633,2017-09-09,23:15,,,,,3,0,0,0
035201709091500634,2017-09-09,15:00,,,,,2,0,0,0
035201709091925635,2017-09-09,19:25,,,,,2,0,0,0
035201709092025636,2017-09-09,20:25,,,,,2,1,0,0
035201709080915637,2017-09-08,09:15,,,,,2,0,0,0
035201709081645638,2017-09-08,16:45,,,,,1,1,0,0
035201709081915639,2017-09-08,19:15,,,,,2,0,0,0
035201709081150640,2017-09-08,11:50,,,,,1,1,0,0
035201709082030641,2017-09-08,20:30,,,,,2,0,0,0
035201709082110642,2017-09-08,21:10,,,,,3,0,0,0
035201709081130643,2017-09-08,11:30,,,,,3,0,0,0
035201709081900644,2017-09-08,19:00,,,,,3,2,0,0
035201709071720645,2017-09-07,17:20,,,,,2,0,0,0
035201709071115646,2017-09-07,11:15,,,,,1,1,0,0
035201709071700647,2017-09-07,17:00,,,,,1,0,0,0
035201709071855648,2017-09-07,18:55,,,,,1,1,0,0
035201709061035649,2017-09-06,10:35,,,,,1,1,0,0
035201709060920650,2017-09-06,09:20,,,,,3,0,0,0
035201709060820651,2017-09-06,08:20,,,,,1,1,0,0
035201709061230652,2017-09-06,12:30,,,,,1,0,0,0
035201709061720653,2017-09-06,17:20,,,,,0,1,0,0
035201709062150654,2017-09-06,21:50,,,,,2,1,0,0
035201709061825655,2017-09-06,18:25,,,,,1,1,0,0
035201709061500656,2017-09-06,15:00,,,,,2,1,0,0
035201709061715657,2017-09-06,17:15,,,,,0,1,0,0
035201709051925658,2017-09-05,19:25,,,,,1,1,0,0
035201709052350659,2017-09-05,23:50,,,,,3,0,0,0
035201709051510660,2017-09-05,15:10,,,,,1,1,0,0
035201706241950661,2017-06-24,19:50,,,,,2,0,0,0
035201709051620662,2017-09-05,16:20,,,,,1,1,0,0
035201709051620663,2017-09-05,16:20,,,,,2,1,0,0
035201709051655664,2017-09-05,16:55,,,,,1,1,0,0
035201709040830665,2017-09-04,08:30,,,,,1,0,0,0
035201709040930666,2017-09-04,09:30,,,,,1,1,0,0
035201709041545667,2017-09-04,15:45,,,,,2,3,0,0
035201709041700668,2017-09-04,17:00,,,,,3,0,0,0
035201709041700669,2017-09-04,17:00,,,,,2,1,0,0
035201709031640670,2017-09-03,16:40,,,,,2,0,0,0
035201709021245671,2017-09-02,12:45,,,,,7,0,0,0
035201709021830672,2017-09-02,18:30,,,,,1,0,0,0
035201709012245673,2017-09-01,22:45,,,,,3,0,0,0
035201709011730674,2017-09-01,17:30,,,,,4,0,0,0
035201709011240675,2017-09-01,12:40,,,,,2,2,0,0
035201709011830676,2017-09-01,18:30,,,,,1,1,0,0
035201708311140677,2017-08-31,11:40,,,,,1,1,0,0
035201708311020678,2017-08-31,10:20,,,,,3,1,0,0
035201708311650679,2017-08-31,16:50,,,,,3,0,0,0
035201708300830680,2017-08-30,08:30,,,,,2,0,0,0
035201708301410681,2017-08-30,14:10,,,,,0,0,0,0
035201708302050682,2017-08-30,20:50,,,,,7,0,0,0
035201708300920683,2017-08-30,09:20,,,,,2,0,0,0
035201708302255684,2017-08-30,22:55,,,,,3,0,0,0
035201708302140685,2017-08-30,21:40,,,,,4,1,0,0
035201708301445686,2017-08-30,14:45,,,,,1,4,0,0
035201708302130687,2017-08-30,21:30,,,,,0,0,0,0
035201708290905688,2017-08-29,09:05,,,,,2,0,0,0
035201708291310689,2017-08-29,13:10,,,,,1,1,0,0
035201708290830690,2017-08-29,08:30,,,,,6,0,0,0
035201708291010691,2017-08-29,10:10,,,,,0,2,0,0
035201708291630692,2017-08-29,16:30,,,,,1,0,0,0
035201708290900693,2017-08-29,09:00,,,,,1,1,0,0
035201708280815694,2017-08-28,08:15,,,,,2,0,0,0
035201708281035695,2017-08-28,10:35,,,,,2,0,0,0
035201708281140696,2017-08-28,11:40,,,,,1,1,0,0
035201708281545697,2017-08-28,15:45,,,,,2,0,0,0
035201708270055698,2017-08-27,00:55,,,,,2,1,0,0
035201708270745699,2017-08-27,07:45,,,,,0,2,0,0
035201708271220700,2017-08-27,12:20,,,,,1,5,0,0
035201708261720701,2017-08-26,17:20,,,,,3,2,0,0
035201708261500702,2017-08-26,15:00,,,,,1,1,0,0
035201708261745703,2017-08-26,17:45,,,,,1,1,0,0
035201708251057704,2017-08-25,10:57,,,,,1,0,0,0
035201708251118705,2017-08-25,11:18,,,,,2,0,0,0
035201708251945706,2017-08-25,19:45,,,,,0,2,0,0
035201708251845707,2017-08-25,18:45,,,,,4,0,0,0
035201708251345708,2017-08-25,13:45,,,,,1,1,0,0
035201708241545709,2017-08-24,15:45,,,,,2,1,0,0
035201708241130710,2017-08-24,11:30,,,,,1,0,0,0
035201708240750711,2017-08-24,07:50,,,,,0,1,0,0
035201708231600712,2017-08-23,16:00,,,,,9,0,0,0
035201708221230713,2017-08-22,12:30,,,,,2,0,0,0
035201708221700714,2017-08-22,17:00,,,,,2,0,0,0
035201708222210715,2017-08-22,22:10,,,,,0,1,0,0
035201708221540716,2017-08-22,15:40,,,,,1,0,0,0
035201708221540717,2017-08-22,15:40,,,,,1,0,0,0
035201708221600718,2017-08-22,16:00,,,,,1,1,0,0
035201708211745719,2017-08-21,17:45,,,,,4,0,0,0
035201708201950720,2017-08-20,19:50,,,,,5,1,0,0
035201708200200721,2017-08-20,02:00,,,,,3,0,0,0
035201708202055722,2017-08-20,20:55,,,,,3,1,0,0
035201708200730723,2017-08-20,07:30,,,,,5,0,0,0
035201708201645724,2017-08-20,16:45,,,,,2,1,0,0
035201708191550725,2017-08-19,15:50,,,,,2,0,0,0
035201708191450726,2017-08-19,14:50,,,,,2,0,0,0
035201708191830727,2017-08-19,18:30,,,,,3,0,0,0
035201708191745728,2017-08-19,17:45,,,,,2,0,0,0
035201708191700729,2017-08-19,17:00,,,,,4,0,0,0
035201708181705730,2017-08-18,17:05,,,,,1,0,0,0
035201708181730731,2017-08-18,17:30,,,,,0,0,0,0
035201708181700732,2017-08-18,17:00,,,,,1,1,0,0
035201708182245733,2017-08-18,22:45,,,,,0,1,0,0
035201708181030734,2017-08-18,10:30,,,,,1,1,0,0
035201708171015735,2017-08-17,10:15,,,,,3,0,0,0
035201708171110736,2017-08-17,11:10,,,,,2,2,0,0
035201708172150737,2017-08-17,21:50,,,,,1,0,0,0
035201708161430738,2017-08-16,14:30,,,,,2,0,0,0
035201708161820739,2017-08-16,18:20,,,,,3,0,0,0
035201708161855740,2017-08-16,18:55,,,,,1,1,0,0
035201708151750741,2017-08-15,17:50,,,,,1,2,0,0
035201708151805742,2017-08-15,18:05,,,,,1,0,0,0
035201708152030743,2017-08-15,20:30,,,,,1,0,0,0
035201708141010744,2017-08-14,10:10,,,,,1,1,0,0
035201708141720745,2017-08-14,17:20,,,,,3,0,0,0
035201708121350746,2017-08-12,13:50,,,,,0,1,0,0
035201708121030747,2017-08-12,10:30,,,,,1,0,0,0
035201708122105748,2017-08-12,21:05,,,,,2,1,0,0
035201708121140749,2017-08-12,11:40,,,,,2,1,0,0
035201708111155750,2017-08-11,11:55,,,,,2,0,0,0
035201708110820751,2017-08-11,08:20,,,,,1,1,0,0
035201708110740752,2017-08-11,07:40,,,,,2,0,0,0
035201708101715753,2017-08-10,17:15,,,,,1,0,0,0
035201708101700754,2017-08-10,17:00,,,,,2,0,0,0
035201708101120755,2017-08-10,11:20,,,,,2,1,0,0
035201708091350756,2017-08-09,13:50,,,,,1,1,0,0
035201708091950757,2017-08-09,19:50,,,,,1,1,0,0
035201708091750758,2017-08-09,17:50,,,,,1,2,0,0
035201708091620759,2017-08-09,16:20,,,,,1,0,0,0
035201708081445760,2017-08-08,14:45,,,,,4,0,0,0
035201708071420761,2017-08-07,14:20,,,,,2,0,0,0
035201708070750762,2017-08-07,07:50,,,,,2,0,0,0
035201708061520763,2017-08-06,15:20,,,,,2,0,0,0
035201708051015764,2017-08-05,10:15,,,,,2,0,0,0
035201708041200765,2017-08-04,12:00,,,,,3,1,0,0
035201708041155766,2017-08-04,11:55,,,,,3,0,0,0
035201708041110767,2017-08-04,11:10,,,,,2,1,0,0
035201708041600768,2017-08-04,16:00,,,,,1,0,0,0
035201708041315769,2017-08-04,13:15,,,,,2,0,0,0
035201708041910770,2017-08-04,19:10,,,,,1,1,0,0
035201708040830771,2017-08-04,08:30,,,,,1,1,0,0
035201708041515772,2017-08-04,15:15,,,,,1,0,0,0
035201708030945773,2017-08-03,09:45,,,,,1,0,0,0
035201708031205774,2017-08-03,12:05,,,,,5,0,0,0
035201708031645775,2017-08-03,16:45,,,,,0,2,0,0
035201708031750776,2017-08-03,17:50,,,,,1,1,0,0
035201708021130777,2017-08-02,11:30,,,,,1,0,0,0
035201708011235778,2017-08-01,12:35,,,,,2,0,0,0
035201708011115779,2017-08-01,11:15,,,,,4,0,0,0
035201707311010780,2017-07-31,10:10,,,,,1,0,0,0
035201707311530781,2017-07-31,15:30,,,,,3,1,0,0
035201707312025782,2017-07-31,20:25,,,,,1,2,0,0
035201707300045783,2017-07-30,00:45,,,,,1,1,0,0
035201707301115784,2017-07-30,11:15,,,,,4,1,0,0
035201707300100785,2017-07-30,01:00,,,,,1,0,0,0
035201707301100786,2017-07-30,11:00,,,,,5,0,0,0
035201707300100787,2017-07-30,01:00,,,,,0,0,0,0
035201707291815788,2017-07-29,18:15,,,,,6,0,0,0
035201707281045789,2017-07-28,10:45,,,,,2,0,0,0
035201707281145790,2017-07-28,11:45,,,,,1,0,0,0
035201707280925791,2017-07-28,09:25,,,,,1,1,0,0
035201707271900792,2017-07-27,19:00,,,,,1,0,0,0
035201707272225793,2017-07-27,22:25,,,,,0,1,0,0
035201707271215794,2017-07-27,12:15,,,,,1,1,0,0
035201707271820795,2017-07-27,18:20,,,,,2,0,0,0
035201707272350796,2017-07-27,23:50,,,,,2,0,0,0
035201707261200797,2017-07-26,12:00,,,,,0,0,0,0
035201707261720798,2017-07-26,17:20,,,,,0,1,0,0
035201707261850799,2017-07-26,18:50,,,,,2,0,0,0
035201707261920800,2017-07-26,19:20,,,,,1,1,0,0
035201707260915801,2017-07-26,09:15,,,,,1,1,0,0
035201707261240802,2017-07-26,12:40,,,,,3,1,0,0
035201707261045803,2017-07-26,10:45,,,,,2,1,0,0
035201707250900804,2017-07-25,09:00,,,,,3,0,0,0
035201707251520805,2017-07-25,15:20,,,,,1,1,0,0
035201707251850806,2017-07-25,18:50,,,,,1,1,0,0
035201707251855807,2017-07-25,18:55,,,,,1,0,1,0
035201707250800808,2017-07-25,08:00,,,,,1,0,0,0
035201707252000809,2017-07-25,20:00,,,,,4,1,0,0
035201707251400810,2017-07-25,14:00,,,,,4,0,0,0
035201707251815811,2017-07-25,18:15,,,,,1,0,1,0
035201707241845812,2017-07-24,18:45,,,,,2,0,0,0
035201707242053813,2017-07-24,20:53,,,,,1,1,0,0
035201707241200814,2017-07-24,12:00,,,,,2,0,0,0
035201707241515815,2017-07-24,15:15,,,,,3,0,0,0
035201707241900816,2017-07-24,19:00,,,,,3,0,0,0
035201707240800817,2017-07-24,08:00,,,,,1,0,0,0
035201707232000818,2017-07-23,20:00,,,,,3,0,0,0
035201707230030819,2017-07-23,00:30,,,,,2,1,0,0
035201707231215820,2017-07-23,12:15,,,,,2,0,0,0
035201707231545821,2017-07-23,15:45,,,,,6,0,0,0
035201707222010822,2017-07-22,20:10,,,,,5,0,0,0
035201707210005823,2017-07-21,00:05,,,,,2,0,0,0
035201707202340824,2017-07-20,23:40,,,,,0,2,0,0
035201707200850825,2017-07-20,08:50,,,,,2,0,0,0
035201707201340826,2017-07-20,13:40,,,,,1,2,0,0
035201707201500827,2017-07-20,15:00,,,,,1,1,0,0
035201707201415828,2017-07-20,14:15,,,,,3,0,0,0
035201707202215829,2017-07-20,22:15,,,,,1,1,0,0
035201707201550830,2017-07-20,15:50,,,,,1,2,0,0
035201707191200831,2017-07-19,12:00,,,,,0,1,0,0
035201707190825832,2017-07-19,08:25,,,,,2,4,0,0
035201707191245833,2017-07-19,12:45,,,,,2,0,0,0
035201707191000834,2017-07-19,10:00,,,,,3,0,0,0
035201707181900835,2017-07-18,19:00,,,,,3,1,0,0
035201707180905836,2017-07-18,09:05,,,,,1,0,0,0
035201707181440837,2017-07-18,14:40,,,,,3,0,0,0
035201707181700838,2017-07-18,17:00,,,,,1,0,0,0
035201707171725839,2017-07-17,17:25,,,,,4,0,0,0
035201707171910840,2017-07-17,19:10,,,,,1,1,0,0
035201707172235841,2017-07-17,22:35,,,,,1,2,0,0
035201707171945842,2017-07-17,19:45,,,,,2,1,0,0
035201707161120843,2017-07-16,11:20,,,,,7,0,0,0
035201707161855844,2017-07-16,18:55,,,,,3,0,0,0
035201707161945845,2017-07-16,19:45,,,,,1,0,0,0
035201707162305846,2017-07-16,23:05,,,,,1,2,0,0
035201707161900847,2017-07-16,19:00,,,,,2,1,0,0
035201707162000848,2017-07-16,20:00,,,,,1,0,0,1
035201707161015849,2017-07-16,10:15,,,,,1,2,0,0
035201707152030850,2017-07-15,20:30,,,,,0,0,0,0
035201707151430851,2017-07-15,14:30,,,,,0,3,0,0
035201707150135852,2017-07-15,01:35,,,,,2,0,0,0
035201707152330853,2017-07-15,23:30,,,,,2,4,0,0
035201707141050854,2017-07-14,10:50,,,,,0,1,0,0
035201707141745855,2017-07-14,17:45,,,,,2,0,0,0
035201707131400856,2017-07-13,14:00,,,,,4,0,0,0
035201707131540857,2017-07-13,15:40,,,,,1,1,0,0
035201707132000858,2017-07-13,20:00,,,,,1,0,0,0
035201707131550859,2017-07-13,15:50,,,,,1,1,0,0
035201707131430860,2017-07-13,14:30,,,,,1,1,0,0
035201707121800861,2017-07-12,18:00,,,,,2,0,0,0
035201707120925862,2017-07-12,09:25,,,,,2,0,0,0
035201707121330863,2017-07-12,13:30,,,,,2,0,0,0
035201707121815864,2017-07-12,18:15,,,,,4,3,0,0
035201707111705865,2017-07-11,17:05,,,,,1,1,0,0
035201707111719866,2017-07-11,17:19,,,,,1,2,0,0
035201707111730867,2017-07-11,17:30,,,,,3,0,0,0
035201707111930868,2017-07-11,19:30,,,,,1,3,0,0
035201707100715869,2017-07-10,07:15,,,,,0,1,0,0
035201707101120870,2017-07-10,11:20,,,,,3,1,0,0
035201707100800871,2017-07-10,08:00,,,,,2,1,0,0
035201707101720872,2017-07-10,17:20,,,,,3,0,0,0
035201707102332873,2017-07-10,23:32,,,,,1,0,0,0
035201707102332874,2017-07-10,23:32,,,,,1,0,0,0
035201707102330875,2017-07-10,23:30,,,,,0,1,0,0
035201707090835876,2017-07-09,08:35,,,,,0,1,0,0
035201707091650877,2017-07-09,16:50,,,,,1,1,0,0
035201707091725878,2017-07-09,17:25,,,,,0,2,0,0
035201707091520879,2017-07-09,15:20,,,,,4,1,0,0
035201707080020880,2017-07-08,00:20,,,,,1,1,0,0
035201707080019881,2017-07-08,00:19,,,,,4,0,0,0
035201707081340882,2017-07-08,13:40,,,,,1,2,0,0
035201707080915883,2017-07-08,09:15,,,,,3,0,0,0
035201707081045884,2017-07-08,10:45,,,,,5,0,0,0
035201707070800885,2017-07-07,08:00,,,,,1,1,0,0
035201707071010886,2017-07-07,10:10,,,,,1,1,0,0
035201707071605887,2017-07-07,16:05,,,,,1,1,0,0
035201707071400888,2017-07-07,14:00,,,,,1,0,0,0
035201707071855889,2017-07-07,18:55,,,,,0,1,0,0
035201707071000890,2017-07-07,10:00,,,,,1,1,0,0
035201707071530891,2017-07-07,15:30,,,,,1,1,0,0
035201707070710892,2017-07-07,07:10,,,,,0,1,0,0
035201707060800893,2017-07-06,08:00,,,,,0,1,0,0
035201707061550894,2017-07-06,15:50,,,,,1,1,0,0
035201707061735895,2017-07-06,17:35,,,,,1,1,0,0
035201707061435896,2017-07-06,14:35,,,,,0,2,0,0
035201707061420897,2017-07-06,14:20,,,,,3,0,0,0
035201707060900898,2017-07-06,09:00,,,,,1,0,0,0
035201707061715899,2017-07-06,17:15,,,,,1,1,0,0
035201707050755900,2017-07-05,07:55,,,,,2,0,0,0
035201707051030901,2017-07-05,10:30,,,,,5,2,0,0
035201707052100902,2017-07-05,21:00,,,,,2,1,0,0
035201707051110903,2017-07-05,11:10,,,,,2,0,0,0
035201707041810904,2017-07-04,18:10,,,,,0,1,0,0
035201707041045905,2017-07-04,10:45,,,,,0,1,0,0
035201707041325906,2017-07-04,13:25,,,,,1,2,0,0
035201707041545907,2017-07-04,15:45,,,,,1,1,0,0
035201707041805908,2017-07-04,18:05,,,,,3,0,0,0
035201707041855909,2017-07-04,18:55,,,,,8,0,0,0
035201707041815910,2017-07-04,18:15,,,,,0,1,0,0
035201707031130911,2017-07-03,11:30,,,,,1,1,0,0
035201707031350912,2017-07-03,13:50,,,,,2,0,0,0
035201707031545913,2017-07-03,15:45,,,,,1,2,0,0
035201707022330914,2017-07-02,23:30,,,,,0,2,0,0
035201707021500915,2017-07-02,15:00,,,,,5,0,0,0
035201707021125916,2017-07-02,11:25,,,,,1,0,0,0
035201707021230917,2017-07-02,12:30,,,,,1,1,0,0
035201707011100918,2017-07-01,11:00,,,,,1,1,0,0
035201706301130919,2017-06-30,11:30,,,,,1,0,0,0
035201706301935920,2017-06-30,19:35,,,,,4,0,0,0
035201706301530921,2017-06-30,15:30,,,,,1,0,0,0
035201706291845922,2017-06-29,18:45,,,,,1,0,0,0
035201706292240923,2017-06-29,22:40,,,,,2,0,0,0
035201706290850924,2017-06-29,08:50,,,,,1,1,0,0
035201706281820925,2017-06-28,18:20,,,,,6,0,0,0
035201706282300926,2017-06-28,23:00,,,,,1,0,0,0
035201706280825927,2017-06-28,08:25,,,,,1,1,0,0
035201706281055928,2017-06-28,10:55,,,,,1,1,0,0
035201706282100929,2017-06-28,21:00,,,,,0,1,0,0
035201706281130930,2017-06-28,11:30,,,,,2,0,0,0
035201706281815931,2017-06-28,18:15,,,,,4,1,0,0
035201706271030932,2017-06-27,10:30,,,,,1,0,0,0
035201706271920933,2017-06-27,19:20,,,,,0,0,0,0
035201706261845934,2017-06-26,18:45,,,,,1,1,0,0
035201706261035935,2017-06-26,10:35,,,,,2,2,0,0
035201706261015936,2017-06-26,10:15,,,,,1,1,0,0
035201706251250937,2017-06-25,12:50,,,,,5,1,0,0
035201706250930938,2017-06-25,09:30,,,,,1,1,0,0
035201706241030939,2017-06-24,10:30,,,,,4,1,0,0
035201706241750940,2017-06-24,17:50,,,,,1,1,0,0
035201706241530941,2017-06-24,15:30,,,,,1,0,0,0
035201706231837942,2017-06-23,18:37,,,,,1,2,0,0
035201706231715943,2017-06-23,17:15,,,,,1,1,0,0
035201706231520944,2017-06-23,15:20,,,,,4,0,0,0
035201706231150945,2017-06-23,11:50,,,,,1,1,0,0
035201706231345946,2017-06-23,13:45,,,,,2,1,0,0
035201706230840947,2017-06-23,08:40,,,,,2,0,0,0
035201706231100948,2017-06-23,11:00,,,,,3,0,0,0
035201706221330949,2017-06-22,13:30,,,,,1,1,0,0
035201706221500950,2017-06-22,15:00,,,,,1,0,0,0
035201706220900951,2017-06-22,09:00,,,,,1,1,0,0
035201706220900952,2017-06-22,09:00,,,,,2,0,0,0
035201706221720953,2017-06-22,17:20,,,,,2,0,0,0
035201706221420954,2017-06-22,14:20,,,,,1,1,0,0
035201706221845955,2017-06-22,18:45,,,,,1,1,0,0
035201706211715956,2017-06-21,17:15,,,,,1,1,0,0
035201706211520957,2017-06-21,15:20,,,,,2,0,0,0
035201706211510958,2017-06-21,15:10,,,,,0,2,0,0
035201706210930959,2017-06-21,09:30,,,,,2,0,0,0
035201706211410960,2017-06-21,14:10,,,,,2,0,0,0
035201706211210961,2017-06-21,12:10,,,,,2,0,0,0
035201706211220962,2017-06-21,12:20,,,,,4,0,0,0
035201706211515963,2017-06-21,15:15,,,,,0,1,0,0
035201706211530964,2017-06-21,15:30,,,,,0,1,0,0
035201706201330965,2017-06-20,13:30,,,,,1,2,0,0
035201706201540966,2017-06-20,15:40,,,,,2,0,0,0
035201706191015967,2017-06-19,10:15,,,,,2,2,0,0
035201706191800968,2017-06-19,18:00,,,,,2,0,0,0
035201706191442969,2017-06-19,14:42,,,,,2,1,0,0
035201706191830970,2017-06-19,18:30,,,,,1,1,0,0
035201706182220971,2017-06-18,22:20,,,,,1,1,0,0
035201706182225972,2017-06-18,22:25,,,,,3,0,0,0
035201706180025973,2017-06-18,00:25,,,,,0,1,0,0
035201706181830974,2017-06-18,18:30,,,,,2,0,0,0
035201706171200975,2017-06-17,12:00,,,,,2,0,0,0
035201706171330976,2017-06-17,13:30,,,,,2,0,0,0
035201706162100977,2017-06-16,21:00,,,,,1,1,0,0
035201706161215978,2017-06-16,12:15,,,,,1,2,0,0
035201706161445979,2017-06-16,14:45,,,,,3,0,0,0
035201706160800980,2017-06-16,08:00,,,,,2,1,0,0
035201706161135981,2017-06-16,11:35,,,,,3,0,0,0
035201706162115982,2017-06-16,21:15,,,,,1,0,0,0
035201706161700983,2017-06-16,17:00,,,,,0,1,0,0
035201706151145984,2017-06-15,11:45,,,,,1,1,0,0
035201706141915985,2017-06-14,19:15,,,,,3,0,0,0
035201706140720986,2017-06-14,07:20,,,,,1,1,0,0
035201706141410987,2017-06-14,14:10,,,,,1,1,0,0
035201706142350988,2017-06-14,23:50,,,,,4,1,0,0
035201706141300989,2017-06-14,13:00,,,,,0,2,0,0
035201706141415990,2017-06-14,14:15,,,,,5,0,0,0
035201706141250991,2017-06-14,12:50,,,,,0,1,0,0
035201706131520992,2017-06-13,15:20,,,,,0,2,0,0
035201706131640993,2017-06-13,16:40,,,,,0,1,0,0
035201706131135994,2017-06-13,11:35,,,,,1,0,0,0
035201706131820995,2017-06-13,18:20,,,,,1,0,0,0
035201706131130996,2017-06-13,11:30,,,,,2,0,0,0
035201706131340997,2017-06-13,13:40,,,,,1,2,0,0
035201706131640998,2017-06-13,16:40,,,,,1,1,0,0
035201706130915999,2017-06-13,09:15,,,,,1,1,0,0
0352017061210401000,2017-06-12,10:40,,,,,3,0,0,0
0352017061211001001,2017-06-12,11:00,,,,,1,1,0,0
0352017061213551002,2017-06-12,13:55,,,,,4,1,0,0
0352017061214251003,2017-06-12,14:25,,,,,2,2,0,0
0352017061215401004,2017-06-12,15:40,,,,,1,2,0,0
0352017061219451005,2017-06-12,19:45,,,,,1,1,0,0
0352017061119301006,2017-06-11,19:30,,,,,1,3,0,0
0352017061111251007,2017-06-11,11:25,,,,,3,0,0,0
0352017061116401008,2017-06-11,16:40,,,,,5,3,0,0
0352017061110401009,2017-06-11,10:40,,,,,2,2,0,0
0352017061017501010,2017-06-10,17:50,,,,,1,1,0,0
0352017061015001011,2017-06-10,15:00,,,,,1,1,0,0
0352017061016301012,2017-06-10,16:30,,,,,2,0,0,0
0352017061009501013,2017-06-10,09:50,,,,,4,1,0,0
0352017061020201014,2017-06-10,20:20,,,,,5,0,0,0
0352017061010001015,2017-06-10,10:00,,,,,1,1,0,0
0352017060909251016,2017-06-09,09:25,,,,,1,1,0,0
0352017060911351017,2017-06-09,11:35,,,,,1,1,0,0
0352017060915151018,2017-06-09,15:15,,,,,1,1,0,0
0352017060918151019,2017-06-09,18:15,,,,,1,0,0,0
0352017060917501020,2017-06-09,17:50,,,,,1,1,0,0
0352017060807451021,2017-06-08,07:45,,,,,1,1,0,0
0352017060810001022,2017-06-08,10:00,,,,,2,0,0,0
0352017060808451023,2017-06-08,08:45,,,,,1,4,0,0
0352017060818151024,2017-06-08,18:15,,,,,2,1,0,0
0352017060813101025,2017-06-08,13:10,,,,,2,0,0,0
0352017060709501026,2017-06-07,09:50,,,,,2,0,0,0
0352017060712351027,2017-06-07,12:35,,,,,1,0,0,0
0352017060711351028,2017-06-07,11:35,,,,,1,1,0,0
0352017060708301029,2017-06-07,08:30,,,,,3,0,0,0
0352017060707001030,2017-06-07,07:00,,,,,1,1,0,0
0352017060616151031,2017-06-06,16:15,,,,,2,0,0,0
0352017060610401032,2017-06-06,10:40,,,,,2,1,0,0
0352017060618501033,2017-06-06,18:50,,,,,2,0,0,0
0352017060621401034,2017-06-06,21:40,,,,,1,1,0,0
0352017060615451035,2017-06-06,15:45,,,,,4,0,0,0
0352017060616501036,2017-06-06,16:50,,,,,3,0,0,0
0352017060619301037,2017-06-06,19:30,,,,,1,0,0,0
0352017060506301038,2017-06-05,06:30,,,,,0,2,0,0
0352017060521301039,2017-06-05,21:30,,,,,1,1,0,0
0352017060516301040,2017-06-05,16:30,,,,,1,1,0,0
0352017060519201041,2017-06-05,19:20,,,,,1,1,0,0
0352017060411301042,2017-06-04,11:30,,,,,0,1,0,0
0352017060314401043,2017-06-03,14:40,,,,,3,0,0,0
0352017060319451044,2017-06-03,19:45,,,,,1,2,0,0
0352017060320451045,2017-06-03,20:45,,,,,1,0,0,0
0352017060312201046,2017-06-03,12:20,,,,,0,1,0,0
0352017060312001047,2017-06-03,12:00,,,,,4,0,0,0
0352017060311151048,2017-06-03,11:15,,,,,0,1,0,0
0352017060317001049,2017-06-03,17:00,,,,,2,1,0,0
0352017060321401050,2017-06-03,21:40,,,,,1,0,0,0
0352017060223501051,2017-06-02,23:50,,,,,3,0,0,0
0352017060217301052,2017-06-02,17:30,,,,,3,0,0,0
0352017060211301053,2017-06-02,11:30,,,,,2,1,0,0
0352017060217301054,2017-06-02,17:30,,,,,1,1,0,0
0352017060110551055,2017-06-01,10:55,,,,,1,1,0,0
0352017060121001056,2017-06-01,21:00,,,,,1,1,0,0
0352017060113081057,2017-06-01,13:08,,,,,2,1,0,0
0352017060113451058,2017-06-01,13:45,,,,,1,1,0,0
0352017053113351059,2017-05-31,13:35,,,,,2,1,0,0
0352017053112001060,2017-05-31,12:00,,,,,1,0,0,0
0352017053107301061,2017-05-31,07:30,,,,,2,0,0,0
0352017053100101062,2017-05-31,00:10,,,,,2,0,0,0
0352017053107201063,2017-05-31,07:20,,,,,0,1,0,0
0352017053108501064,2017-05-31,08:50,,,,,2,0,0,0
0352017053112201065,2017-05-31,12:20,,,,,1,1,0,0
0352017053110301066,2017-05-31,10:30,,,,,2,0,0,0
0352017053015251067,2017-05-30,15:25,,,,,1,0,0,0
0352017053018101068,2017-05-30,18:10,,,,,1,0,0,0
0352017053014201069,2017-05-30,14:20,,,,,0,1,0,0
0352017053017001070,2017-05-30,17:00,,,,,2,0,0,0
0352017053017451071,2017-05-30,17:45,,,,,0,0,0,0
0352017053022101072,2017-05-30,22:10,,,,,0,1,0,0
0352017053017151073,2017-05-30,17:15,,,,,1,1,0,0
0352017053008051074,2017-05-30,08:05,,,,,1,1,0,0
0352017053010301075,2017-05-30,10:30,,,,,1,0,0,0
0352017052914301076,2017-05-29,14:30,,,,,2,0,0,0
0352017052916001077,2017-05-29,16:00,,,,,3,0,0,0
0352017052912001078,2017-05-29,12:00,,,,,1,1,0,0
0352017052822301079,2017-05-28,22:30,,,,,4,0,0,0
0352017052719051080,2017-05-27,19:05,,,,,3,1,0,0
0352017052715001081,2017-05-27,15:00,,,,,0,1,0,0
0352017052715151082,2017-05-27,15:15,,,,,2,1,0,0
0352017052723201083,2017-05-27,23:20,,,,,4,0,0,0
0352017052712301084,2017-05-27,12:30,,,,,1,1,0,0
0352017052715301085,2017-05-27,15:30,,,,,2,0,0,0
0352017052716101086,2017-05-27,16:10,,,,,1,1,0,0
0352017052711201087,2017-05-27,11:20,,,,,1,0,0,0
0352017052622301088,2017-05-26,22:30,,,,,3,0,0,0
0352017052609451089,2017-05-26,09:45,,,,,2,0,1,0
0352017052611451090,2017-05-26,11:45,,,,,2,0,0,0
0352017052616301091,2017-05-26,16:30,,,,,2,0,0,0
0352017052521001092,2017-05-25,21:00,,,,,3,0,0,0
0352017052521201093,2017-05-25,21:20,,,,,2,2,0,0
0352017052510151094,2017-05-25,10:15,,,,,2,0,0,0
0352017052516201095,2017-05-25,16:20,,,,,4,0,0,0
0352017052511101096,2017-05-25,11:10,,,,,1,1,0,0
0352017052518501097,2017-05-25,18:50,,,,,1,1,0,0
0352017052408201098,2017-05-24,08:20,,,,,2,0,0,0
0352017052410301099,2017-05-24,10:30,,,,,1,1,0,0
0352017052417101100,2017-05-24,17:10,,,,,0,0,0,0
0352017052410201101,2017-05-24,10:20,,,,,3,0,0,0
0352017052419101102,2017-05-24,19:10,,,,,3,0,0,0
0352017052420301103,2017-05-24,20:30,,,,,1,1,0,0
0352017052412071104,2017-05-24,12:07,,,,,1,1,0,0
0352017052418401105,2017-05-24,18:40,,,,,4,1,0,0
0352017052321501106,2017-05-23,21:50,,,,,2,0,0,0
0352017052310001107,2017-05-23,10:00,,,,,0,1,0,0
0352017052308001108,2017-05-23,08:00,,,,,1,1,0,0
0352017052315081109,2017-05-23,15:08,,,,,2,0,0,0
0352017052318101110,2017-05-23,18:10,,,,,1,2,0,0
0352017052211401111,2017-05-22,11:40,,,,,4,0,0,0
0352017052210201112,2017-05-22,10:20,,,,,1,1,0,0
0352017052222001113,2017-05-22,22:00,,,,,5,0,0,0
0352017052209451114,2017-05-22,09:45,,,,,4,0,0,0
0352017052120501115,2017-05-21,20:50,,,,,1,1,0,0
0352017052117151116,2017-05-21,17:15,,,,,1,0,1,0
0352017052014151117,2017-05-20,14:15,,,,,3,2,0,0
0352017052008301118,2017-05-20,08:30,,,,,2,0,0,0
0352017052015251119,2017-05-20,15:25,,,,,3,1,0,0
0352017052022501120,2017-05-20,22:50,,,,,0,0,0,0
0352017052018301121,2017-05-20,18:30,,,,,3,0,0,0
0352017052011501122,2017-05-20,11:50,,,,,1,3,0,0
0352017052021301123,2017-05-20,21:30,,,,,4,0,0,0
0352017052016301124,2017-05-20,16:30,,,,,1,1,0,0
0352017051907001125,2017-05-19,07:00,,,,,2,0,0,0
0352017051913051126,2017-05-19,13:05,,,,,3,1,0,0
0352017051921151127,2017-05-19,21:15,,,,,2,1,0,0
0352017051913151128,2017-05-19,13:15,,,,,6,4,0,0
0352017051913451129,2017-05-19,13:45,,,,,3,0,0,0
0352017051920301130,2017-05-19,20:30,,,,,1,2,0,0
0352017051907551131,2017-05-19,07:55,,,,,0,1,0,0
0352017051916401132,2017-05-19,16:40,,,,,1,1,0,0
0352017051922501133,2017-05-19,22:50,,,,,4,0,0,0
0352017051812301134,2017-05-18,12:30,,,,,6,0,0,0
0352017051813551135,2017-05-18,13:55,,,,,1,0,0,0
0352017051818351136,2017-05-18,18:35,,,,,4,0,0,0
0352017051819351137,2017-05-18,19:35,,,,,2,1,0,0
0352017051818501138,2017-05-18,18:50,,,,,4,2,0,0
0352017051719301139,2017-05-17,19:30,,,,,1,1,0,0
0352017051715001140,2017-05-17,15:00,,,,,2,0,0,0
0352017051709301141,2017-05-17,09:30,,,,,2,0,0,0
0352017051712501142,2017-05-17,12:50,,,,,1,0,0,0
0352017051718401143,2017-05-17,18:40,,,,,2,0,0,0
0352017051718301144,2017-05-17,18:30,,,,,2,0,0,0
0352017051612351145,2017-05-16,12:35,,,,,1,1,0,0
0352017051610251146,2017-05-16,10:25,,,,,3,0,0,0
0352017051610151147,2017-05-16,10:15,,,,,4,0,0,0
0352017051608151148,2017-05-16,08:15,,,,,2,1,0,0
0352017051610501149,2017-05-16,10:50,,,,,2,0,0,0
0352017051612201150,2017-05-16,12:20,,,,,2,1,0,0
0352017051510501151,2017-05-15,10:50,,,,,4,2,0,0
0352017051508401152,2017-05-15,08:40,,,,,3,0,0,0
0352017051516301153,2017-05-15,16:30,,,,,1,1,0,0
0352017051508551154,2017-05-15,08:55,,,,,3,0,0,0
0352017051523501155,2017-05-15,23:50,,,,,2,1,0,0
0352017051518551156,2017-05-15,18:55,,,,,1,0,0,0
0352017051419101157,2017-05-14,19:10,,,,,5,0,0,0
0352017051318301158,2017-05-13,18:30,,,,,1,0,0,0
0352017051313101159,2017-05-13,13:10,,,,,1,1,0,0
0352017051319351160,2017-05-13,19:35,,,,,0,4,0,0
0352017051304301161,2017-05-13,04:30,,,,,1,0,0,0
0352017051312051162,2017-05-13,12:05,,,,,3,0,0,0
0352017051314201163,2017-05-13,14:20,,,,,1,0,0,0
0352017050703301164,2017-05-07,03:30,,,,,0,0,0,0
0352017050710201165,2017-05-07,10:20,,,,,3,1,0,0
0352017050718401166,2017-05-07,18:40,,,,,3,1,0,0
0352017050614001167,2017-05-06,14:00,,,,,1,0,0,0
0352017050600201168,2017-05-06,00:20,,,,,1,1,0,0
0352017050611001169,2017-05-06,11:00,,,,,1,0,0,0
0352017050600201170,2017-05-06,00:20,,,,,0,3,0,0
0352017050613401171,2017-05-06,13:40,,,,,1,2,0,0
0352017050618451172,2017-05-06,18:45,,,,,0,0,0,0
0352017050623301173,2017-05-06,23:30,,,,,3,7,0,0
0352017050513301174,2017-05-05,13:30,,,,,2,0,0,0
0352017050509201175,2017-05-05,09:20,,,,,2,3,0,0
0352017050518151176,2017-05-05,18:15,,,,,1,1,0,0
0352017050518401177,2017-05-05,18:40,,,,,3,0,0,0
0352017050519551178,2017-05-05,19:55,,,,,3,0,0,0
0352017050523201179,2017-05-05,23:20,,,,,4,0,0,0
0352017050507501180,2017-05-05,07:50,,,,,1,1,0,0
0352017050520301181,2017-05-05,20:30,,,,,3,2,0,0
0352017050509451182,2017-05-05,09:45,,,,,1,1,0,0
0352017050507351183,2017-05-05,07:35,,,,,1,1,0,0
0352017050510351184,2017-05-05,10:35,,,,,1,0,0,0
0352017050413001185,2017-05-04,13:00,,,,,1,1,0,0
0352017050410501186,2017-05-04,10:50,,,,,1,0,0,0
0352017050421301187,2017-05-04,21:30,,,,,1,0,0,0
0352017050422151188,2017-05-04,22:15,,,,,2,0,0,0
0352017050422001189,2017-05-04,22:00,,,,,3,0,0,0
0352017050421101190,2017-05-04,21:10,,,,,1,1,0,0
0352017050414451191,2017-05-04,14:45,,,,,2,2,0,0
0352017050308101192,2017-05-03,08:10,,,,,2,0,0,0
0352017050308001193,2017-05-03,08:00,,,,,0,1,0,0
0352017050320151194,2017-05-03,20:15,,,,,0,1,0,0
0352017050320451195,2017-05-03,20:45,,,,,4,0,0,0
0352017050310451196,2017-05-03,10:45,,,,,2,0,0,0
0352017050318051197,2017-05-03,18:05,,,,,2,0,0,0
0352017050323101198,2017-05-03,23:10,,,,,2,0,0,0
0352017050221201199,2017-05-02,21:20,,,,,1,1,0,0
0352017050217051200,2017-05-02,17:05,,,,,2,0,0,0
0352017050214501201,2017-05-02,14:50,,,,,0,1,0,0
0352017050112451202,2017-05-01,12:45,,,,,5,3,0,0
0352017050116151203,2017-05-01,16:15,,,,,2,0,0,0
0352017043000001204,2017-04-30,00:00,,,,,0,1,0,0
0352017043011201205,2017-04-30,11:20,,,,,0,1,0,0
0352017043018451206,2017-04-30,18:45,,,,,2,5,0,0
0352017042918351207,2017-04-29,18:35,,,,,2,0,0,0
0352017042915001208,2017-04-29,15:00,,,,,1,0,0,0
0352017042918101209,2017-04-29,18:10,,,,,2,1,0,0
0352017042912501210,2017-04-29,12:50,,,,,5,0,0,0
0352017042913001211,2017-04-29,13:00,,,,,0,0,0,0
0352017042811301212,2017-04-28,11:30,,,,,3,0,0,0
0352017042812151213,2017-04-28,12:15,,,,,2,0,0,0
0352017042808451214,2017-04-28,08:45,,,,,1,1,0,0
0352017042812401215,2017-04-28,12:40,,,,,1,1,0,0
0352017042817201216,2017-04-28,17:20,,,,,1,1,0,0
0352017042801001217,2017-04-28,01:00,,,,,1,1,0,0
0352017042819301218,2017-04-28,19:30,,,,,1,1,0,0
0352017042815501219,2017-04-28,15:50,,,,,1,1,0,0
0352017042815551220,2017-04-28,15:55,,,,,1,0,0,0
0352017042820301221,2017-04-28,20:30,,,,,0,1,0,0
0352017042708451222,2017-04-27,08:45,,,,,1,1,0,0
0352017042716001223,2017-04-27,16:00,,,,,0,1,0,0
0352017042711301224,2017-04-27,11:30,,,,,2,0,0,0
0352017042713351225,2017-04-27,13:35,,,,,0,2,0,0
0352017042707151226,2017-04-27,07:15,,,,,1,0,0,0
0352017042720201227,2017-04-27,20:20,,,,,1,1,0,0
0352017042710501228,2017-04-27,10:50,,,,,2,0,0,0
0352017042609001229,2017-04-26,09:00,,,,,0,1,0,0
0352017042618551230,2017-04-26,18:55,,,,,1,1,0,0
0352017042619401231,2017-04-26,19:40,,,,,2,0,0,0
0352017042616451232,2017-04-26,16:45,,,,,2,0,0,0
0352017042609301233,2017-04-26,09:30,,,,,1,0,0,0
0352017042616001234,2017-04-26,16:00,,,,,2,1,0,0
0352017042617151235,2017-04-26,17:15,,,,,3,0,0,0
0352017042617451236,2017-04-26,17:45,,,,,2,0,0,0
0352017042609501237,2017-04-26,09:50,,,,,0,1,0,0
0352017042519051238,2017-04-25,19:05,,,,,1,1,0,0
0352017042521101239,2017-04-25,21:10,,,,,0,2,0,0
0352017042409501240,2017-04-24,09:50,,,,,1,0,0,0
0352017042423031241,2017-04-24,23:03,,,,,1,0,0,0
0352017042414051242,2017-04-24,14:05,,,,,2,0,0,0
0352017042316301243,2017-04-23,16:30,,,,,3,0,0,0
0352017042321451244,2017-04-23,21:45,,,,,3,1,0,0
0352017042310151245,2017-04-23,10:15,,,,,1,1,0,0
0352017042220301246,2017-04-22,20:30,,,,,1,1,0,0
0352017042215301247,2017-04-22,15:30,,,,,0,5,0,0
0352017042213151248,2017-04-22,13:15,,,,,3,1,0,0
0352017042215301249,2017-04-22,15:30,,,,,2,1,0,0
0352017042110001250,2017-04-21,10:00,,,,,2,0,0,0
0352017042114151251,2017-04-21,14:15,,,,,4,0,0,0
0352017042115501252,2017-04-21,15:50,,,,,2,1,0,0
0352017042117101253,2017-04-21,17:10,,,,,1,1,0,0
0352017042013001254,2017-04-20,13:00,,,,,1,1,0,0
0352017042011251255,2017-04-20,11:25,,,,,3,0,0,0
0352017042020351256,2017-04-20,20:35,,,,,0,2,0,0
0352017042014251257,2017-04-20,14:25,,,,,1,0,0,0
0352017041909001258,2017-04-19,09:00,,,,,1,1,0,0
0352017041912101259,2017-04-19,12:10,,,,,1,1,0,0
0352017041917101260,2017-04-19,17:10,,,,,5,0,0,0
0352017041911401261,2017-04-19,11:40,,,,,2,1,0,0
0352017041912001262,2017-04-19,12:00,,,,,0,0,0,0
0352017041917151263,2017-04-19,17:15,,,,,1,0,0,0
0352017041713401264,2017-04-17,13:40,,,,,2,0,0,0
0352017041713151265,2017-04-17,13:15,,,,,2,0,0,0
0352017041712201266,2017-04-17,12:20,,,,,1,1,0,0
0352017041713501267,2017-04-17,13:50,,,,,2,1,0,0
0352017041619301268,2017-04-16,19:30,,,,,0,0,0,0
0352017041519251269,2017-04-15,19:25,,,,,2,0,0,0
0352017041521161270,2017-04-15,21:16,,,,,2,1,0,0
0352017041500201271,2017-04-15,00:20,,,,,0,0,0,0
0352017041510201272,2017-04-15,10:20,,,,,3,0,0,0
0352017041417401273,2017-04-14,17:40,,,,,2,0,0,0
0352017041409001274,2017-04-14,09:00,,,,,2,1,0,0
0352017041410001275,2017-04-14,10:00,,,,,2,0,0,0
0352017041311201276,2017-04-13,11:20,,,,,2,0,0,0
0352017041322291277,2017-04-13,22:29,,,,,2,2,0,0
0352017041318501278,2017-04-13,18:50,,,,,0,2,0,0
0352017041309001279,2017-04-13,09:00,,,,,1,2,0,0
0352017041317451280,2017-04-13,17:45,,,,,4,0,0,0
0352017041312001281,2017-04-13,12:00,,,,,3,1,0,0
0352017041317101282,2017-04-13,17:10,,,,,2,0,0,0
0352017041210301283,2017-04-12,10:30,,,,,2,0,0,0
0352017041214351284,2017-04-12,14:35,,,,,4,0,0,0
0352017041216251285,2017-04-12,16:25,,,,,2,0,0,0
0352017041211301286,2017-04-12,11:30,,,,,2,0,0,0
0352017041107501287,2017-04-11,07:50,,,,,1,1,0,0
0352017041109101288,2017-04-11,09:10,,,,,2,0,0,0
0352017041110501289,2017-04-11,10:50,,,,,2,2,0,0
0352017041115001290,2017-04-11,15:00,,,,,0,2,0,0
0352017041118201291,2017-04-11,18:20,,,,,3,0,0,0
0352017041115001292,2017-04-11,15:00,,,,,2,0,0,0
0352017041109001293,2017-04-11,09:00,,,,,3,1,0,0
0352017041019501294,2017-04-10,19:50,,,,,3,1,0,0
0352017041017001295,2017-04-10,17:00,,,,,2,1,0,0
0352017041022101296,2017-04-10,22:10,,,,,1,1,0,0
0352017041022451297,2017-04-10,22:45,,,,,2,0,0,0
0352017040921251298,2017-04-09,21:25,,,,,2,0,0,0
0352017040812451299,2017-04-08,12:45,,,,,5,0,0,0
0352017040813101300,2017-04-08,13:10,,,,,1,1,0,0
0352017040807301301,2017-04-08,07:30,,,,,5,0,0,0
0352017040815451302,2017-04-08,15:45,,,,,0,1,0,0
0352017040812501303,2017-04-08,12:50,,,,,2,1,0,0
0352017040807501304,2017-04-08,07:50,,,,,3,0,0,0
0352017040812101305,2017-04-08,12:10,,,,,2,1,0,0
0352017040709051306,2017-04-07,09:05,,,,,2,0,0,0
0352017040719151307,2017-04-07,19:15,,,,,2,0,0,0
0352017040712121308,2017-04-07,12:12,,,,,1,1,0,0
0352017040718351309,2017-04-07,18:35,,,,,0,2,0,0
0352017040609201310,2017-04-06,09:20,,,,,2,1,0,0
0352017040620051311,2017-04-06,20:05,,,,,2,0,0,0
0352017040608001312,2017-04-06,08:00,,,,,3,1,0,0
0352017040606451313,2017-04-06,06:45,,,,,3,0,0,0
0352017040608301314,2017-04-06,08:30,,,,,2,0,0,0
0352017040617001315,2017-04-06,17:00,,,,,4,0,0,0
0352017040612301316,2017-04-06,12:30,,,,,2,0,0,0
0352017040510501317,2017-04-05,10:50,,,,,1,1,0,0
0352017040515551318,2017-04-05,15:55,,,,,1,2,0,0
0352017040517151319,2017-04-05,17:15,,,,,2,1,0,0
0352017040513001320,2017-04-05,13:00,,,,,1,0,0,0
0352017040518101321,2017-04-05,18:10,,,,,1,1,0,0
0352017040422051322,2017-04-04,22:05,,,,,1,1,0,0
0352017040417151323,2017-04-04,17:15,,,,,2,0,0,0
0352017040314151324,2017-04-03,14:15,,,,,2,0,0,0
0352017040316101325,2017-04-03,16:10,,,,,2,1,0,0
0352017040318001326,2017-04-03,18:00,,,,,2,0,0,0
0352017040318551327,2017-04-03,18:55,,,,,3,1,0,0
0352017040320101328,2017-04-03,20:10,,,,,2,1,0,0
0352017040223101329,2017-04-02,23:10,,,,,1,0,0,0
0352017040217501330,2017-04-02,17:50,,,,,0,1,0,0
0352017040118051331,2017-04-01,18:05,,,,,1,1,0,0
0352017040110501332,2017-04-01,10:50,,,,,2,0,0,0
0352017040112551333,2017-04-01,12:55,,,,,4,0,0,0
0352017040121451334,2017-04-01,21:45,,,,,3,0,0,0
0352017040115001335,2017-04-01,15:00,,,,,0,1,0,0
0352017040122201336,2017-04-01,22:20,,,,,3,1,0,0
0352017040107201337,2017-04-01,07:20,,,,,1,2,0,0
0352017040115501338,2017-04-01,15:50,,,,,2,2,0,0
0352017040100451339,2017-04-01,00:45,,,,,1,0,0,0
0352017033116201340,2017-03-31,16:20,,,,,3,2,0,0
0352017033113201341,2017-03-31,13:20,,,,,2,0,0,0
0352017033120501342,2017-03-31,20:50,,,,,3,0,0,0
0352017033123151343,2017-03-31,23:15,,,,,3,1,0,0
0352017033015301344,2017-03-30,15:30,,,,,0,1,0,0
0352017033017301345,2017-03-30,17:30,,,,,3,0,0,0
0352017033021301346,2017-03-30,21:30,,,,,2,0,0,0
0352017032909251347,2017-03-29,09:25,,,,,1,1,0,0
0352017032911101348,2017-03-29,11:10,,,,,1,1,0,0
0352017032918301349,2017-03-29,18:30,,,,,1,1,0,0
0352017032910301350,2017-03-29,10:30,,,,,1,1,0,0
0352017032910001351,2017-03-29,10:00,,,,,3,1,0,0
0352017032913201352,2017-03-29,13:20,,,,,2,0,0,0
0352017032921451353,2017-03-29,21:45,,,,,1,1,0,0
0352017032820151354,2017-03-28,20:15,,,,,1,1,0,0
0352017032808421355,2017-03-28,08:42,,,,,4,0,0,0
0352017031605301356,2017-03-16,05:30,,,,,0,1,0,0
0352017032810101357,2017-03-28,10:10,,,,,3,0,0,0
0352017032818551358,2017-03-28,18:55,,,,,2,1,0,0
0352017032810451359,2017-03-28,10:45,,,,,1,0,0,0
0352017032808451360,2017-03-28,08:45,,,,,2,1,0,0
0352017032809151361,2017-03-28,09:15,,,,,2,1,0,0
0352017032712201362,2017-03-27,12:20,,,,,1,1,0,0
0352017032716451363,2017-03-27,16:45,,,,,1,1,0,0
0352017032719251364,2017-03-27,19:25,,,,,0,1,0,0
0352017032607301365,2017-03-26,07:30,,,,,1,0,0,0
0352017032620201366,2017-03-26,20:20,,,,,1,1,0,0
0352017032521051367,2017-03-25,21:05,,,,,0,1,1,1
0352017032511001368,2017-03-25,11:00,,,,,3,0,0,0
0352017032512351369,2017-03-25,12:35,,,,,1,1,0,0
0352017032517201370,2017-03-25,17:20,,,,,1,1,0,0
0352017032500551371,2017-03-25,00:55,,,,,4,0,0,0
0352017032514301372,2017-03-25,14:30,,,,,3,0,0,0
0352017032516101373,2017-03-25,16:10,,,,,3,0,0,0
0352017032515001374,2017-03-25,15:00,,,,,0,3,0,0
0352017032413401375,2017-03-24,13:40,,,,,3,0,0,0
0352017032419431376,2017-03-24,19:43,,,,,2,2,0,0
0352017032411201377,2017-03-24,11:20,,,,,2,0,0,0
0352017032312001378,2017-03-23,12:00,,,,,1,0,1,0
0352017032307451379,2017-03-23,07:45,,,,,1,1,0,0
0352017032310301380,2017-03-23,10:30,,,,,2,0,0,0
0352017032317301381,2017-03-23,17:30,,,,,0,1,0,0
0352017032310551382,2017-03-23,10:55,,,,,1,1,0,0
0352017032319301383,2017-03-23,19:30,,,,,3,0,0,0
0352017032208401384,2017-03-22,08:40,,,,,2,0,0,0
0352017032216151385,2017-03-22,16:15,,,,,1,0,0,0
0352017032207251386,2017-03-22,07:25,,,,,2,0,0,0
0352017032208001387,2017-03-22,08:00,,,,,4,0,0,0
0352017032213001388,2017-03-22,13:00,,,,,1,1,0,0
0352017032107551389,2017-03-21,07:55,,,,,0,5,0,0
0352017032110301390,2017-03-21,10:30,,,,,4,0,0,0
0352017032117151391,2017-03-21,17:15,,,,,1,0,0,0
0352017032008301392,2017-03-20,08:30,,,,,1,1,0,0
0352017032017101393,2017-03-20,17:10,,,,,2,0,0,0
0352017032012151394,2017-03-20,12:15,,,,,2,0,0,0
0352017032016001395,2017-03-20,16:00,,,,,2,1,0,0
0352017032015401396,2017-03-20,15:40,,,,,3,0,0,0
0352017032008451397,2017-03-20,08:45,,,,,3,0,0,0
0352017032011201398,2017-03-20,11:20,,,,,2,0,0,0
0352017031915001399,2017-03-19,15:00,,,,,2,0,0,0
0352017031918401400,2017-03-19,18:40,,,,,1,1,0,0
0352017031919201401,2017-03-19,19:20,,,,,1,0,0,0
0352017031908581402,2017-03-19,08:58,,,,,2,0,0,0
0352017031911251403,2017-03-19,11:25,,,,,1,0,0,0
0352017031813001404,2017-03-18,13:00,,,,,5,0,0,0
0352017031817181405,2017-03-18,17:18,,,,,0,0,0,0
0352017031812451406,2017-03-18,12:45,,,,,2,0,0,0
0352017031819551407,2017-03-18,19:55,,,,,1,1,0,0
0352017031716101408,2017-03-17,16:10,,,,,2,0,0,0
0352017031720351409,2017-03-17,20:35,,,,,3,1,0,0
0352017031714101410,2017-03-17,14:10,,,,,2,0,0,0
0352017031609301411,2017-03-16,09:30,,,,,2,0,0,0
0352017031614151412,2017-03-16,14:15,,,,,1,1,0,0
0352017031510501413,2017-03-15,10:50,,,,,2,0,0,0
0352017031522451414,2017-03-15,22:45,,,,,3,0,0,0
0352017031514301415,2017-03-15,14:30,,,,,1,0,0,0
0352017031415301416,2017-03-14,15:30,,,,,2,1,0,0
0352017031412401417,2017-03-14,12:40,,,,,1,1,0,0
0352017031408051418,2017-03-14,08:05,,,,,1,1,0,0
0352017031417501419,2017-03-14,17:50,,,,,3,0,0,0
0352017031319001420,2017-03-13,19:00,,,,,2,0,0,0
0352017031310001421,2017-03-13,10:00,,,,,1,1,0,0
0352017031310301422,2017-03-13,10:30,,,,,3,0,0,0
0352017031314301423,2017-03-13,14:30,,,,,1,0,0,0
0352017031217351424,2017-03-12,17:35,,,,,3,1,0,0
0352017031201101425,2017-03-12,01:10,,,,,1,0,0,0
0352017031214151426,2017-03-12,14:15,,,,,5,0,0,0
0352017031213451427,2017-03-12,13:45,,,,,1,0,0,0
0352017031218001428,2017-03-12,18:00,,,,,0,0,0,0
0352017031115301429,2017-03-11,15:30,,,,,4,3,0,0
0352017031107501430,2017-03-11,07:50,,,,,1,1,0,0
0352017031111001431,2017-03-11,11:00,,,,,2,1,0,0
0352017031115201432,2017-03-11,15:20,,,,,1,1,0,0
0352017031112001433,2017-03-11,12:00,,,,,0,0,0,0
0352017031017501434,2017-03-10,17:50,,,,,1,1,0,0
0352017031007301435,2017-03-10,07:30,,,,,5,0,0,0
0352017031019301436,2017-03-10,19:30,,,,,4,0,0,0
0352017031011071437,2017-03-10,11:07,,,,,1,1,0,0
0352017031012301438,2017-03-10,12:30,,,,,2,1,0,0
0352017031016001439,2017-03-10,16:00,,,,,3,1,0,0
0352017031017401440,2017-03-10,17:40,,,,,3,0,0,0
0352017031007501441,2017-03-10,07:50,,,,,0,1,0,0
0352017030915151442,2017-03-09,15:15,,,,,3,0,0,0
0352017030908501443,2017-03-09,08:50,,,,,3,4,0,0
0352017030915301444,2017-03-09,15:30,,,,,3,0,0,0
0352017030813101445,2017-03-08,13:10,,,,,1,2,0,0
0352017030808001446,2017-03-08,08:00,,,,,1,1,0,0
0352017030820001447,2017-03-08,20:00,,,,,2,0,0,0
0352017030808451448,2017-03-08,08:45,,,,,0,1,0,0
0352017030715351449,2017-03-07,15:35,,,,,2,1,0,0
0352017030720551450,2017-03-07,20:55,,,,,0,2,0,0
0352017030710301451,2017-03-07,10:30,,,,,2,0,0,0
0352017030720001452,2017-03-07,20:00,,,,,1,0,0,0
0352017030709151453,2017-03-07,09:15,,,,,1,1,0,0
0352017030608551454,2017-03-06,08:55,,,,,2,0,0,0
0352017030610121455,2017-03-06,10:12,,,,,6,0,0,0
0352017030617201456,2017-03-06,17:20,,,,,5,0,0,0
0352017030611501457,2017-03-06,11:50,,,,,0,1,0,0
0352017030518501458,2017-03-05,18:50,,,,,1,3,0,0
0352017030511301459,2017-03-05,11:30,,,,,8,0,0,0
0352017030418001460,2017-03-04,18:00,,,,,4,0,0,0
0352017030417201461,2017-03-04,17:20,,,,,5,0,0,0
0352017030410531462,2017-03-04,10:53,,,,,4,0,0,1
0352017030421101463,2017-03-04,21:10,,,,,0,3,0,0
0352017030313501464,2017-03-03,13:50,,,,,0,2,0,0
0352017030317401465,2017-03-03,17:40,,,,,2,0,0,0
0352017030310301466,2017-03-03,10:30,,,,,1,1,0,0
0352017030320001467,2017-03-03,20:00,,,,,1,1,0,0
0352017030320251468,2017-03-03,20:25,,,,,2,0,0,0
0352017030211451469,2017-03-02,11:45,,,,,1,0,0,0
0352017030218301470,2017-03-02,18:30,,,,,2,1,0,0
0352017030216001471,2017-03-02,16:00,,,,,5,0,0,0
0352017030213151472,2017-03-02,13:15,,,,,1,1,0,0
0352017030214451473,2017-03-02,14:45,,,,,1,1,0,0
0352017030216451474,2017-03-02,16:45,,,,,2,0,0,0
0352017030211401475,2017-03-02,11:40,,,,,1,1,0,0
0352017030207501476,2017-03-02,07:50,,,,,1,1,0,0
0352017030211201477,2017-03-02,11:20,,,,,1,1,0,0
0352017030107151478,2017-03-01,07:15,,,,,2,0,0,0
0352017030116301479,2017-03-01,16:30,,,,,1,1,0,0
0352017030111501480,2017-03-01,11:50,,,,,1,1,0,0
0352017030112451481,2017-03-01,12:45,,,,,2,1,0,0
0352017030122201482,2017-03-01,22:20,,,,,1,1,0,0
0352017030117101483,2017-03-01,17:10,,,,,4,0,0,0
0352017030114301484,2017-03-01,14:30,,,,,1,0,0,0
0352017030119251485,2017-03-01,19:25,,,,,2,3,0,0
0352017030118501486,2017-03-01,18:50,,,,,1,0,0,0
0352017030112201487,2017-03-01,12:20,,,,,2,0,0,0
0352017022813201488,2017-02-28,13:20,,,,,3,0,0,0
0352017022822101489,2017-02-28,22:10,,,,,3,0,0,0
0352017022811151490,2017-02-28,11:15,,,,,1,1,0,0
0352017022817001491,2017-02-28,17:00,,,,,0,1,0,0
0352017022818001492,2017-02-28,18:00,,,,,4,0,0,0
0352017022812401493,2017-02-28,12:40,,,,,2,0,0,0
0352017022718301494,2017-02-27,18:30,,,,,2,0,0,0
0352017022719551495,2017-02-27,19:55,,,,,4,0,0,0
0352017022720201496,2017-02-27,20:20,,,,,0,2,0,0
0352017022618101497,2017-02-26,18:10,,,,,2,0,0,0
0352017022619001498,2017-02-26,19:00,,,,,6,0,0,0
0352017022500401499,2017-02-25,00:40,,,,,0,1,0,0
0352017022512151500,2017-02-25,12:15,,,,,1,0,0,0
0352017022511501501,2017-02-25,11:50,,,,,4,0,0,0
0352017022400011502,2017-02-24,00:01,,,,,0,2,1,0
0352017022407401503,2017-02-24,07:40,,,,,1,1,0,0
0352017022411501504,2017-02-24,11:50,,,,,2,0,0,0
0352017022417301505,2017-02-24,17:30,,,,,3,0,0,0
0352017022412001506,2017-02-24,12:00,,,,,3,0,0,0
0352017022417401507,2017-02-24,17:40,,,,,1,1,0,0
0352017022314051508,2017-02-23,14:05,,,,,2,0,0,0
0352017022308301509,2017-02-23,08:30,,,,,2,0,0,0
0352017022111451510,2017-02-21,11:45,,,,,3,0,0,0
0352017022116151511,2017-02-21,16:15,,,,,2,0,0,0
0352017022117451512,2017-02-21,17:45,,,,,1,0,0,0
0352017022116151513,2017-02-21,16:15,,,,,2,0,0,0
0352017022017401514,2017-02-20,17:40,,,,,1,1,0,0
0352017022008101515,2017-02-20,08:10,,,,,0,0,0,0
0352017022015551516,2017-02-20,15:55,,,,,1,0,0,0
0352017022018451517,2017-02-20,18:45,,,,,1,1,0,0
0352017022022101518,2017-02-20,22:10,,,,,2,0,0,0
0352017021909451519,2017-02-19,09:45,,,,,1,1,0,0
0352017021916451520,2017-02-19,16:45,,,,,1,0,0,0
0352017021918301521,2017-02-19,18:30,,,,,2,1,0,0
0352017021915001522,2017-02-19,15:00,,,,,1,2,0,0
0352017021814501523,2017-02-18,14:50,,,,,0,1,0,0
0352017021814401524,2017-02-18,14:40,,,,,2,0,0,0
0352017021813201525,2017-02-18,13:20,,,,,0,2,0,0
0352017021713101526,2017-02-17,13:10,,,,,1,1,0,0
0352017021709401527,2017-02-17,09:40,,,,,1,1,0,0
0352017021712301528,2017-02-17,12:30,,,,,1,1,0,0
0352017021611401529,2017-02-16,11:40,,,,,3,0,0,0
0352017021612071530,2017-02-16,12:07,,,,,2,0,0,0
0352017021618001531,2017-02-16,18:00,,,,,1,0,0,0
0352017021619101532,2017-02-16,19:10,,,,,1,1,0,0
0352017021614151533,2017-02-16,14:15,,,,,0,1,0,0
0352017021606501534,2017-02-16,06:50,,,,,3,1,0,0
0352017021614001535,2017-02-16,14:00,,,,,1,0,0,0
0352017021614401536,2017-02-16,14:40,,,,,4,0,0,0
0352017021507551537,2017-02-15,07:55,,,,,4,0,0,0
0352017021510451538,2017-02-15,10:45,,,,,2,0,0,0
0352017021508301539,2017-02-15,08:30,,,,,0,1,0,0
0352017021514101540,2017-02-15,14:10,,,,,2,1,0,0
0352017021515251541,2017-02-15,15:25,,,,,2,1,0,0
0352017021515551542,2017-02-15,15:55,,,,,3,0,0,0
0352017021512101543,2017-02-15,12:10,,,,,1,0,0,0
0352017021415001544,2017-02-14,15:00,,,,,1,1,0,0
0352017021422301545,2017-02-14,22:30,,,,,3,0,0,0
0352017021407351546,2017-02-14,07:35,,,,,1,1,0,0
0352017021420301547,2017-02-14,20:30,,,,,2,1,0,0
0352017021410101548,2017-02-14,10:10,,,,,0,0,0,0
0352017021308151549,2017-02-13,08:15,,,,,1,1,0,0
0352017021300051550,2017-02-13,00:05,,,,,2,1,0,0
0352017021314251551,2017-02-13,14:25,,,,,1,1,0,0
0352017021317201552,2017-02-13,17:20,,,,,2,0,0,0
0352017021217001553,2017-02-12,17:00,,,,,1,0,0,0
0352017021115451554,2017-02-11,15:45,,,,,1,1,0,0
0352017021109301555,2017-02-11,09:30,,,,,1,0,0,0
0352017021115201556,2017-02-11,15:20,,,,,4,0,0,0
0352017021109001557,2017-02-11,09:00,,,,,1,2,0,0
0352017021111001558,2017-02-11,11:00,,,,,1,1,0,0
0352017021019201559,2017-02-10,19:20,,,,,4,0,0,0
0352017020921501560,2017-02-09,21:50,,,,,2,0,0,0
0352017020911501561,2017-02-09,11:50,,,,,2,0,0,0
0352017020916301562,2017-02-09,16:30,,,,,1,0,0,0
0352017020922301563,2017-02-09,22:30,,,,,2,0,0,0
0352017020911001564,2017-02-09,11:00,,,,,0,1,0,0
0352017020812151565,2017-02-08,12:15,,,,,1,0,0,0
0352017020807501566,2017-02-08,07:50,,,,,2,1,0,0
0352017020812201567,2017-02-08,12:20,,,,,1,1,0,0
0352017020811001568,2017-02-08,11:00,,,,,5,0,0,0
0352017020814001569,2017-02-08,14:00,,,,,0,0,0,0
0352017020821101570,2017-02-08,21:10,,,,,1,0,0,0
0352017020820001571,2017-02-08,20:00,,,,,3,0,0,0
0352017020714501572,2017-02-07,14:50,,,,,3,0,0,0
0352017020719451573,2017-02-07,19:45,,,,,2,0,0,0
0352017020709501574,2017-02-07,09:50,,,,,3,1,0,0
0352017020717001575,2017-02-07,17:00,,,,,1,1,0,0
0352017020605471576,2017-02-06,05:47,,,,,1,3,0,0
0352017020613151577,2017-02-06,13:15,,,,,3,0,0,0
0352017020615001578,2017-02-06,15:00,,,,,0,0,1,0
0352017020609101579,2017-02-06,09:10,,,,,2,0,0,0
0352017020609151580,2017-02-06,09:15,,,,,1,1,0,0
0352017020520501581,2017-02-05,20:50,,,,,2,0,0,0
0352017020519001582,2017-02-05,19:00,,,,,2,1,0,0
0352017020521401583,2017-02-05,21:40,,,,,3,1,0,0
0352017020522151584,2017-02-05,22:15,,,,,2,0,0,0
0352017020520051585,2017-02-05,20:05,,,,,1,1,0,0
0352017020520451586,2017-02-05,20:45,,,,,0,0,0,0
0352017020521201587,2017-02-05,21:20,,,,,2,0,0,0
0352017020521251588,2017-02-05,21:25,,,,,1,0,0,0
0352017020510101589,2017-02-05,10:10,,,,,3,0,0,0
0352017020501101590,2017-02-05,01:10,,,,,5,0,0,0
0352017020501051591,2017-02-05,01:05,,,,,2,4,0,0
0352017020517301592,2017-02-05,17:30,,,,,2,8,0,0
0352017020409301593,2017-02-04,09:30,,,,,2,0,0,0
0352017020411301594,2017-02-04,11:30,,,,,3,0,0,0
0352017020409301595,2017-02-04,09:30,,,,,5,0,0,0
0352017020418001596,2017-02-04,18:00,,,,,1,1,0,0
0352017020419451597,2017-02-04,19:45,,,,,5,2,0,0
0352017020408201598,2017-02-04,08:20,,,,,2,0,0,0
0352017020409451599,2017-02-04,09:45,,,,,2,0,0,0
0352017020412001600,2017-02-04,12:00,,,,,2,0,0,0
0352017020311451601,2017-02-03,11:45,,,,,2,0,0,0
0352017020309451602,2017-02-03,09:45,,,,,1,1,0,0
0352017020317351603,2017-02-03,17:35,,,,,1,1,0,0
0352017020320001604,2017-02-03,20:00,,,,,1,0,0,0
0352017020321551605,2017-02-03,21:55,,,,,2,1,0,0
0352017020323301606,2017-02-03,23:30,,,,,1,2,0,0
0352017020217451607,2017-02-02,17:45,,,,,1,1,0,0
0352017020210501608,2017-02-02,10:50,,,,,1,0,0,0
0352017020214151609,2017-02-02,14:15,,,,,5,0,0,0
0352017020120151610,2017-02-01,20:15,,,,,4,0,0,0
0352017020118201611,2017-02-01,18:20,,,,,1,1,0,0
0352017013108501612,2017-01-31,08:50,,,,,2,0,0,0
0352017013113001613,2017-01-31,13:00,,,,,2,0,0,0
0352017013114251614,2017-01-31,14:25,,,,,2,0,0,0
0352017013116401615,2017-01-31,16:40,,,,,2,0,0,0
0352017013115301616,2017-01-31,15:30,,,,,1,3,0,0
0352017013018001617,2017-01-30,18:00,,,,,3,0,0,0
0352017013019401618,2017-01-30,19:40,,,,,1,1,0,0
0352017013011451619,2017-01-30,11:45,,,,,2,0,0,0
0352017013013201620,2017-01-30,13:20,,,,,0,2,0,0
0352017013019201621,2017-01-30,19:20,,,,,2,2,0,0
0352017012916551622,2017-01-29,16:55,,,,,2,1,0,0
0352017012921351623,2017-01-29,21:35,,,,,2,1,0,0
0352017012811551624,2017-01-28,11:55,,,,,1,1,0,0
0352017012810101625,2017-01-28,10:10,,,,,1,0,0,0
0352017012823001626,2017-01-28,23:00,,,,,4,0,0,0
0352017012812301627,2017-01-28,12:30,,,,,1,1,0,0
0352017012817151628,2017-01-28,17:15,,,,,1,2,0,0
0352017012709001629,2017-01-27,09:00,,,,,0,5,0,0
0352017012712101630,2017-01-27,12:10,,,,,3,0,0,0
0352017012712201631,2017-01-27,12:20,,,,,2,1,0,0
0352017012715201632,2017-01-27,15:20,,,,,2,0,0,0
0352017012611001633,2017-01-26,11:00,,,,,1,0,0,0
0352017012611301634,2017-01-26,11:30,,,,,2,0,0,0
0352017012607001635,2017-01-26,07:00,,,,,3,1,0,0
0352017012616251636,2017-01-26,16:25,,,,,3,0,0,0
0352017012609401637,2017-01-26,09:40,,,,,0,1,0,0
0352017012619301638,2017-01-26,19:30,,,,,1,1,0,0
0352017012620001639,2017-01-26,20:00,,,,,3,0,0,0
0352017012621501640,2017-01-26,21:50,,,,,3,0,0,0
0352017012515301641,2017-01-25,15:30,,,,,1,1,0,0
0352017012515401642,2017-01-25,15:40,,,,,2,0,0,0
0352017012511251643,2017-01-25,11:25,,,,,1,1,0,0
0352017012507351644,2017-01-25,07:35,,,,,2,0,0,0
0352017012507501645,2017-01-25,07:50,,,,,3,0,0,0
0352017012511151646,2017-01-25,11:15,,,,,2,0,0,0
0352017012513451647,2017-01-25,13:45,,,,,1,2,0,0
0352017012409451648,2017-01-24,09:45,,,,,2,0,0,0
0352017012412101649,2017-01-24,12:10,,,,,2,0,0,0
0352017012416051650,2017-01-24,16:05,,,,,1,1,0,0
0352017012417121651,2017-01-24,17:12,,,,,1,0,0,0
0352017012316051652,2017-01-23,16:05,,,,,0,2,0,0
0352017012322001653,2017-01-23,22:00,,,,,4,0,0,0
0352017012311401654,2017-01-23,11:40,,,,,2,1,0,0
0352017012206451655,2017-01-22,06:45,,,,,0,1,0,0
0352017012100401656,2017-01-21,00:40,,,,,4,2,0,0
0352017012115101657,2017-01-21,15:10,,,,,4,0,0,0
0352017012114101658,2017-01-21,14:10,,,,,6,0,0,0
0352017012103001659,2017-01-21,03:00,,,,,1,0,0,0
0352017012120301660,2017-01-21,20:30,,,,,4,2,0,0
0352017012013331661,2017-01-20,13:33,,,,,1,0,0,0
0352017012012551662,2017-01-20,12:55,,,,,3,1,0,0
0352017012013051663,2017-01-20,13:05,,,,,2,1,0,0
0352017012010051664,2017-01-20,10:05,,,,,1,1,0,0
0352017012017251665,2017-01-20,17:25,,,,,1,1,0,0
0352017012015401666,2017-01-20,15:40,,,,,3,0,0,0
0352017012015151667,2017-01-20,15:15,,,,,0,1,0,0
0352017011918501668,2017-01-19,18:50,,,,,4,1,0,0
0352017011916301669,2017-01-19,16:30,,,,,1,2,0,0
0352017011910151670,2017-01-19,10:15,,,,,2,0,0,0
0352017011911001671,2017-01-19,11:00,,,,,1,1,0,0
0352017011816501672,2017-01-18,16:50,,,,,3,0,0,0
0352017011812051673,2017-01-18,12:05,,,,,2,1,0,0
0352017011816151674,2017-01-18,16:15,,,,,1,1,0,0
0352017011807451675,2017-01-18,07:45,,,,,2,1,0,0
0352017011720151676,2017-01-17,20:15,,,,,7,0,0,0
0352017011720001677,2017-01-17,20:00,,,,,2,0,0,0
0352017011707401678,2017-01-17,07:40,,,,,1,1,0,0
0352017011717451679,2017-01-17,17:45,,,,,4,0,0,0
0352017011718451680,2017-01-17,18:45,,,,,2,0,0,0
0352017011713201681,2017-01-17,13:20,,,,,2,0,0,0
0352017011718101682,2017-01-17,18:10,,,,,1,1,0,0
0352017011614451683,2017-01-16,14:45,,,,,2,0,0,0
0352017011615301684,2017-01-16,15:30,,,,,2,1,0,0
0352017011612301685,2017-01-16,12:30,,,,,1,1,0,0
0352017011618151686,2017-01-16,18:15,,,,,1,1,0,0
0352017011617201687,2017-01-16,17:20,,,,,2,0,0,0
0352017011615451688,2017-01-16,15:45,,,,,1,1,0,0
0352017011510401689,2017-01-15,10:40,,,,,2,0,0,0
0352017011414501690,2017-01-14,14:50,,,,,1,1,0,0
0352017011418151691,2017-01-14,18:15,,,,,3,0,0,0
0352017011314501692,2017-01-13,14:50,,,,,1,1,0,0
0352017011313201693,2017-01-13,13:20,,,,,2,0,0,0
0352017011306401694,2017-01-13,06:40,,,,,1,1,0,0
0352017011309001695,2017-01-13,09:00,,,,,2,0,0,0
0352017011318451696,2017-01-13,18:45,,,,,2,0,0,0
0352017011221001697,2017-01-12,21:00,,,,,0,1,0,0
0352017011210001698,2017-01-12,10:00,,,,,1,0,0,0
0352017011219401699,2017-01-12,19:40,,,,,0,1,0,0
0352017011219351700,2017-01-12,19:35,,,,,1,1,0,0
0352017011208301701,2017-01-12,08:30,,,,,2,0,0,0
0352017011107501702,2017-01-11,07:50,,,,,2,0,0,0
0352017011117501703,2017-01-11,17:50,,,,,2,0,0,0
0352017011118201704,2017-01-11,18:20,,,,,1,1,0,0
0352017011119451705,2017-01-11,19:45,,,,,4,0,0,0
0352017011107051706,2017-01-11,07:05,,,,,1,2,0,0
0352017011013551707,2017-01-10,13:55,,,,,2,0,0,0
0352017011007451708,2017-01-10,07:45,,,,,3,1,0,0
0352017011014551709,2017-01-10,14:55,,,,,0,2,0,0
0352017011011501710,2017-01-10,11:50,,,,,1,0,0,0
0352017011013401711,2017-01-10,13:40,,,,,1,0,0,0
0352017011017101712,2017-01-10,17:10,,,,,2,0,0,0
0352017010913201713,2017-01-09,13:20,,,,,1,0,0,0
0352017010913101714,2017-01-09,13:10,,,,,1,1,0,0
0352017010910551715,2017-01-09,10:55,,,,,1,1,0,0
0352017010915001716,2017-01-09,15:00,,,,,1,0,0,0
0352017010813201717,2017-01-08,13:20,,,,,0,1,0,0
0352017010816001718,2017-01-08,16:00,,,,,3,0,0,0
0352017010813051719,2017-01-08,13:05,,,,,1,3,0,0
0352017010708551720,2017-01-07,08:55,,,,,1,1,0,0
0352017010600301721,2017-01-06,00:30,,,,,1,1,0,0
0352017010612301722,2017-01-06,12:30,,,,,4,0,0,0
0352017010509151723,2017-01-05,09:15,,,,,0,0,0,0
0352017010520151724,2017-01-05,20:15,,,,,5,0,0,0
0352017010520101725,2017-01-05,20:10,,,,,2,2,0,0
0352017010520201726,2017-01-05,20:20,,,,,2,1,0,0
0352017010323451727,2017-01-03,23:45,,,,,1,0,0,0
0352017010316001728,2017-01-03,16:00,,,,,4,1,0,0
0352017010309051729,2017-01-03,09:05,,,,,2,1,0,0
0352017010209401730,2017-01-02,09:40,,,,,6,0,0,0
0352017010210401731,2017-01-02,10:40,,,,,1,1,0,0
0352017010214401732,2017-01-02,14:40,,,,,2,0,0,0
0352017010216201733,2017-01-02,16:20,,,,,3,1,0,0
0352017010110001734,2017-01-01,10:00,,,,,0,0,0,0
